m,TagName,
"2008-07-01 00:00:00","c#","3"
"2008-08-01 00:00:00","assembly","7"
"2008-08-01 00:00:00","c","78"
"2008-08-01 00:00:00","c#","492"
"2008-08-01 00:00:00","c++","157"
"2008-08-01 00:00:00","delphi","11"
"2008-08-01 00:00:00","java","214"
"2008-08-01 00:00:00","javascript","158"
"2008-08-01 00:00:00","perl","26"
"2008-08-01 00:00:00","php","154"
"2008-08-01 00:00:00","python","116"
"2008-08-01 00:00:00","ruby","66"
"2008-09-01 00:00:00","assembly","26"
"2008-09-01 00:00:00","c","292"
"2008-09-01 00:00:00","c#","1525"
"2008-09-01 00:00:00","c++","699"
"2008-09-01 00:00:00","delphi","93"
"2008-09-01 00:00:00","java","1032"
"2008-09-01 00:00:00","javascript","579"
"2008-09-01 00:00:00","perl","120"
"2008-09-01 00:00:00","php","411"
"2008-09-01 00:00:00","python","507"
"2008-09-01 00:00:00","r","3"
"2008-09-01 00:00:00","ruby","274"
"2008-10-01 00:00:00","assembly","15"
"2008-10-01 00:00:00","c","267"
"2008-10-01 00:00:00","c#","1816"
"2008-10-01 00:00:00","c++","743"
"2008-10-01 00:00:00","delphi","101"
"2008-10-01 00:00:00","java","1053"
"2008-10-01 00:00:00","javascript","661"
"2008-10-01 00:00:00","perl","109"
"2008-10-01 00:00:00","php","513"
"2008-10-01 00:00:00","python","480"
"2008-10-01 00:00:00","ruby","234"
"2008-11-01 00:00:00","assembly","13"
"2008-11-01 00:00:00","c","221"
"2008-11-01 00:00:00","c#","1510"
"2008-11-01 00:00:00","c++","658"
"2008-11-01 00:00:00","delphi","129"
"2008-11-01 00:00:00","java","856"
"2008-11-01 00:00:00","javascript","488"
"2008-11-01 00:00:00","perl","79"
"2008-11-01 00:00:00","php","417"
"2008-11-01 00:00:00","python","417"
"2008-11-01 00:00:00","r","1"
"2008-11-01 00:00:00","ruby","143"
"2008-12-01 00:00:00","assembly","17"
"2008-12-01 00:00:00","c","154"
"2008-12-01 00:00:00","c#","1415"
"2008-12-01 00:00:00","c++","553"
"2008-12-01 00:00:00","delphi","112"
"2008-12-01 00:00:00","java","707"
"2008-12-01 00:00:00","javascript","544"
"2008-12-01 00:00:00","perl","121"
"2008-12-01 00:00:00","php","403"
"2008-12-01 00:00:00","python","408"
"2008-12-01 00:00:00","r","1"
"2008-12-01 00:00:00","ruby","145"
"2009-01-01 00:00:00","assembly","19"
"2009-01-01 00:00:00","c","271"
"2009-01-01 00:00:00","c#","2070"
"2009-01-01 00:00:00","c++","745"
"2009-01-01 00:00:00","delphi","141"
"2009-01-01 00:00:00","java","1001"
"2009-01-01 00:00:00","javascript","690"
"2009-01-01 00:00:00","perl","134"
"2009-01-01 00:00:00","php","504"
"2009-01-01 00:00:00","python","577"
"2009-01-01 00:00:00","r","8"
"2009-01-01 00:00:00","ruby","190"
"2009-01-01 00:00:00","swift","1"
"2009-02-01 00:00:00","assembly","31"
"2009-02-01 00:00:00","c","284"
"2009-02-01 00:00:00","c#","2301"
"2009-02-01 00:00:00","c++","719"
"2009-02-01 00:00:00","delphi","152"
"2009-02-01 00:00:00","java","1019"
"2009-02-01 00:00:00","javascript","821"
"2009-02-01 00:00:00","perl","150"
"2009-02-01 00:00:00","php","618"
"2009-02-01 00:00:00","python","542"
"2009-02-01 00:00:00","r","8"
"2009-02-01 00:00:00","ruby","249"
"2009-02-01 00:00:00","swift","1"
"2009-03-01 00:00:00","assembly","20"
"2009-03-01 00:00:00","c","363"
"2009-03-01 00:00:00","c#","2749"
"2009-03-01 00:00:00","c++","896"
"2009-03-01 00:00:00","delphi","141"
"2009-03-01 00:00:00","java","1220"
"2009-03-01 00:00:00","javascript","869"
"2009-03-01 00:00:00","perl","114"
"2009-03-01 00:00:00","php","741"
"2009-03-01 00:00:00","python","691"
"2009-03-01 00:00:00","r","4"
"2009-03-01 00:00:00","ruby","282"
"2009-03-01 00:00:00","swift","1"
"2009-04-01 00:00:00","assembly","44"
"2009-04-01 00:00:00","c","385"
"2009-04-01 00:00:00","c#","2849"
"2009-04-01 00:00:00","c++","880"
"2009-04-01 00:00:00","delphi","168"
"2009-04-01 00:00:00","java","1308"
"2009-04-01 00:00:00","javascript","886"
"2009-04-01 00:00:00","perl","143"
"2009-04-01 00:00:00","php","811"
"2009-04-01 00:00:00","python","679"
"2009-04-01 00:00:00","r","11"
"2009-04-01 00:00:00","ruby","310"
"2009-05-01 00:00:00","assembly","37"
"2009-05-01 00:00:00","c","404"
"2009-05-01 00:00:00","c#","3080"
"2009-05-01 00:00:00","c++","1004"
"2009-05-01 00:00:00","delphi","182"
"2009-05-01 00:00:00","java","1570"
"2009-05-01 00:00:00","javascript","1229"
"2009-05-01 00:00:00","perl","169"
"2009-05-01 00:00:00","php","987"
"2009-05-01 00:00:00","python","886"
"2009-05-01 00:00:00","r","2"
"2009-05-01 00:00:00","ruby","347"
"2009-05-01 00:00:00","swift","2"
"2009-06-01 00:00:00","assembly","36"
"2009-06-01 00:00:00","c","407"
"2009-06-01 00:00:00","c#","3347"
"2009-06-01 00:00:00","c++","1053"
"2009-06-01 00:00:00","delphi","201"
"2009-06-01 00:00:00","java","1801"
"2009-06-01 00:00:00","javascript","1310"
"2009-06-01 00:00:00","perl","213"
"2009-06-01 00:00:00","php","1312"
"2009-06-01 00:00:00","python","906"
"2009-06-01 00:00:00","r","4"
"2009-06-01 00:00:00","ruby","387"
"2009-07-01 00:00:00","assembly","27"
"2009-07-01 00:00:00","c","430"
"2009-07-01 00:00:00","c#","3885"
"2009-07-01 00:00:00","c++","1247"
"2009-07-01 00:00:00","delphi","244"
"2009-07-01 00:00:00","java","1945"
"2009-07-01 00:00:00","javascript","1500"
"2009-07-01 00:00:00","perl","222"
"2009-07-01 00:00:00","php","1695"
"2009-07-01 00:00:00","python","1023"
"2009-07-01 00:00:00","r","46"
"2009-07-01 00:00:00","ruby","439"
"2009-08-01 00:00:00","assembly","40"
"2009-08-01 00:00:00","c","456"
"2009-08-01 00:00:00","c#","3924"
"2009-08-01 00:00:00","c++","1231"
"2009-08-01 00:00:00","delphi","217"
"2009-08-01 00:00:00","java","1891"
"2009-08-01 00:00:00","javascript","1601"
"2009-08-01 00:00:00","perl","221"
"2009-08-01 00:00:00","php","1777"
"2009-08-01 00:00:00","python","999"
"2009-08-01 00:00:00","r","45"
"2009-08-01 00:00:00","ruby","445"
"2009-09-01 00:00:00","assembly","52"
"2009-09-01 00:00:00","c","514"
"2009-09-01 00:00:00","c#","3879"
"2009-09-01 00:00:00","c++","1301"
"2009-09-01 00:00:00","delphi","233"
"2009-09-01 00:00:00","java","2034"
"2009-09-01 00:00:00","javascript","1520"
"2009-09-01 00:00:00","perl","228"
"2009-09-01 00:00:00","php","1967"
"2009-09-01 00:00:00","python","1041"
"2009-09-01 00:00:00","r","123"
"2009-09-01 00:00:00","ruby","444"
"2009-09-01 00:00:00","swift","3"
"2009-10-01 00:00:00","assembly","62"
"2009-10-01 00:00:00","c","698"
"2009-10-01 00:00:00","c#","4437"
"2009-10-01 00:00:00","c++","1580"
"2009-10-01 00:00:00","delphi","245"
"2009-10-01 00:00:00","java","2341"
"2009-10-01 00:00:00","javascript","1905"
"2009-10-01 00:00:00","perl","271"
"2009-10-01 00:00:00","php","2175"
"2009-10-01 00:00:00","python","1349"
"2009-10-01 00:00:00","r","68"
"2009-10-01 00:00:00","ruby","458"
"2009-10-01 00:00:00","swift","1"
"2009-11-01 00:00:00","assembly","79"
"2009-11-01 00:00:00","c","909"
"2009-11-01 00:00:00","c#","4506"
"2009-11-01 00:00:00","c++","1675"
"2009-11-01 00:00:00","delphi","266"
"2009-11-01 00:00:00","go","60"
"2009-11-01 00:00:00","java","2670"
"2009-11-01 00:00:00","javascript","2137"
"2009-11-01 00:00:00","perl","320"
"2009-11-01 00:00:00","php","2526"
"2009-11-01 00:00:00","python","1513"
"2009-11-01 00:00:00","r","91"
"2009-11-01 00:00:00","ruby","640"
"2009-11-01 00:00:00","swift","3"
"2009-12-01 00:00:00","assembly","60"
"2009-12-01 00:00:00","c","810"
"2009-12-01 00:00:00","c#","4335"
"2009-12-01 00:00:00","c++","1593"
"2009-12-01 00:00:00","delphi","277"
"2009-12-01 00:00:00","go","11"
"2009-12-01 00:00:00","java","2589"
"2009-12-01 00:00:00","javascript","2248"
"2009-12-01 00:00:00","perl","260"
"2009-12-01 00:00:00","php","2720"
"2009-12-01 00:00:00","python","1542"
"2009-12-01 00:00:00","r","79"
"2009-12-01 00:00:00","ruby","559"
"2009-12-01 00:00:00","swift","1"
"2010-01-01 00:00:00","assembly","92"
"2010-01-01 00:00:00","c","954"
"2010-01-01 00:00:00","c#","4955"
"2010-01-01 00:00:00","c++","1918"
"2010-01-01 00:00:00","delphi","294"
"2010-01-01 00:00:00","go","14"
"2010-01-01 00:00:00","java","3619"
"2010-01-01 00:00:00","javascript","2565"
"2010-01-01 00:00:00","perl","299"
"2010-01-01 00:00:00","php","3318"
"2010-01-01 00:00:00","python","1882"
"2010-01-01 00:00:00","r","94"
"2010-01-01 00:00:00","ruby","673"
"2010-02-01 00:00:00","assembly","66"
"2010-02-01 00:00:00","c","995"
"2010-02-01 00:00:00","c#","4957"
"2010-02-01 00:00:00","c++","2207"
"2010-02-01 00:00:00","delphi","279"
"2010-02-01 00:00:00","go","7"
"2010-02-01 00:00:00","java","3461"
"2010-02-01 00:00:00","javascript","2564"
"2010-02-01 00:00:00","perl","342"
"2010-02-01 00:00:00","php","3006"
"2010-02-01 00:00:00","python","1822"
"2010-02-01 00:00:00","r","121"
"2010-02-01 00:00:00","ruby","675"
"2010-02-01 00:00:00","swift","2"
"2010-03-01 00:00:00","assembly","121"
"2010-03-01 00:00:00","c","1089"
"2010-03-01 00:00:00","c#","5894"
"2010-03-01 00:00:00","c++","2363"
"2010-03-01 00:00:00","delphi","308"
"2010-03-01 00:00:00","go","8"
"2010-03-01 00:00:00","java","4354"
"2010-03-01 00:00:00","javascript","2929"
"2010-03-01 00:00:00","perl","382"
"2010-03-01 00:00:00","php","3627"
"2010-03-01 00:00:00","python","2017"
"2010-03-01 00:00:00","r","137"
"2010-03-01 00:00:00","ruby","678"
"2010-03-01 00:00:00","swift","1"
"2010-04-01 00:00:00","assembly","124"
"2010-04-01 00:00:00","c","1167"
"2010-04-01 00:00:00","c#","5662"
"2010-04-01 00:00:00","c++","2431"
"2010-04-01 00:00:00","delphi","269"
"2010-04-01 00:00:00","go","10"
"2010-04-01 00:00:00","java","3799"
"2010-04-01 00:00:00","javascript","2962"
"2010-04-01 00:00:00","perl","359"
"2010-04-01 00:00:00","php","3552"
"2010-04-01 00:00:00","python","1741"
"2010-04-01 00:00:00","r","158"
"2010-04-01 00:00:00","ruby","742"
"2010-04-01 00:00:00","swift","2"
"2010-05-01 00:00:00","assembly","107"
"2010-05-01 00:00:00","c","1139"
"2010-05-01 00:00:00","c#","5796"
"2010-05-01 00:00:00","c++","2357"
"2010-05-01 00:00:00","delphi","279"
"2010-05-01 00:00:00","go","17"
"2010-05-01 00:00:00","java","4049"
"2010-05-01 00:00:00","javascript","3169"
"2010-05-01 00:00:00","perl","280"
"2010-05-01 00:00:00","php","3867"
"2010-05-01 00:00:00","python","1980"
"2010-05-01 00:00:00","r","139"
"2010-05-01 00:00:00","ruby","768"
"2010-05-01 00:00:00","swift","1"
"2010-06-01 00:00:00","assembly","89"
"2010-06-01 00:00:00","c","1125"
"2010-06-01 00:00:00","c#","6046"
"2010-06-01 00:00:00","c++","2754"
"2010-06-01 00:00:00","delphi","329"
"2010-06-01 00:00:00","go","15"
"2010-06-01 00:00:00","java","4155"
"2010-06-01 00:00:00","javascript","3412"
"2010-06-01 00:00:00","perl","404"
"2010-06-01 00:00:00","php","3974"
"2010-06-01 00:00:00","python","2162"
"2010-06-01 00:00:00","r","176"
"2010-06-01 00:00:00","ruby","838"
"2010-06-01 00:00:00","swift","3"
"2010-07-01 00:00:00","assembly","94"
"2010-07-01 00:00:00","c","1213"
"2010-07-01 00:00:00","c#","6582"
"2010-07-01 00:00:00","c++","2556"
"2010-07-01 00:00:00","delphi","331"
"2010-07-01 00:00:00","go","7"
"2010-07-01 00:00:00","java","4412"
"2010-07-01 00:00:00","javascript","3820"
"2010-07-01 00:00:00","perl","423"
"2010-07-01 00:00:00","php","4492"
"2010-07-01 00:00:00","python","2534"
"2010-07-01 00:00:00","r","232"
"2010-07-01 00:00:00","ruby","897"
"2010-07-01 00:00:00","swift","1"
"2010-08-01 00:00:00","assembly","85"
"2010-08-01 00:00:00","c","1329"
"2010-08-01 00:00:00","c#","6843"
"2010-08-01 00:00:00","c++","2529"
"2010-08-01 00:00:00","delphi","349"
"2010-08-01 00:00:00","go","12"
"2010-08-01 00:00:00","java","4603"
"2010-08-01 00:00:00","javascript","3911"
"2010-08-01 00:00:00","perl","542"
"2010-08-01 00:00:00","php","5020"
"2010-08-01 00:00:00","python","2458"
"2010-08-01 00:00:00","r","281"
"2010-08-01 00:00:00","ruby","985"
"2010-08-01 00:00:00","swift","2"
"2010-09-01 00:00:00","assembly","116"
"2010-09-01 00:00:00","c","1298"
"2010-09-01 00:00:00","c#","6313"
"2010-09-01 00:00:00","c++","2671"
"2010-09-01 00:00:00","delphi","318"
"2010-09-01 00:00:00","go","9"
"2010-09-01 00:00:00","java","4610"
"2010-09-01 00:00:00","javascript","3940"
"2010-09-01 00:00:00","perl","456"
"2010-09-01 00:00:00","php","4593"
"2010-09-01 00:00:00","python","2204"
"2010-09-01 00:00:00","r","231"
"2010-09-01 00:00:00","ruby","929"
"2010-09-01 00:00:00","swift","2"
"2010-10-01 00:00:00","assembly","120"
"2010-10-01 00:00:00","c","1361"
"2010-10-01 00:00:00","c#","6600"
"2010-10-01 00:00:00","c++","2842"
"2010-10-01 00:00:00","delphi","360"
"2010-10-01 00:00:00","go","11"
"2010-10-01 00:00:00","java","4924"
"2010-10-01 00:00:00","javascript","4007"
"2010-10-01 00:00:00","perl","496"
"2010-10-01 00:00:00","php","4372"
"2010-10-01 00:00:00","python","2612"
"2010-10-01 00:00:00","r","213"
"2010-10-01 00:00:00","ruby","921"
"2010-10-01 00:00:00","swift","1"
"2010-11-01 00:00:00","assembly","159"
"2010-11-01 00:00:00","c","1615"
"2010-11-01 00:00:00","c#","7143"
"2010-11-01 00:00:00","c++","3225"
"2010-11-01 00:00:00","delphi","387"
"2010-11-01 00:00:00","go","16"
"2010-11-01 00:00:00","java","5446"
"2010-11-01 00:00:00","javascript","4439"
"2010-11-01 00:00:00","perl","459"
"2010-11-01 00:00:00","php","4939"
"2010-11-01 00:00:00","python","2535"
"2010-11-01 00:00:00","r","239"
"2010-11-01 00:00:00","ruby","918"
"2010-11-01 00:00:00","swift","1"
"2010-12-01 00:00:00","assembly","121"
"2010-12-01 00:00:00","c","1419"
"2010-12-01 00:00:00","c#","6942"
"2010-12-01 00:00:00","c++","3029"
"2010-12-01 00:00:00","delphi","318"
"2010-12-01 00:00:00","go","16"
"2010-12-01 00:00:00","java","5570"
"2010-12-01 00:00:00","javascript","4864"
"2010-12-01 00:00:00","perl","495"
"2010-12-01 00:00:00","php","5196"
"2010-12-01 00:00:00","python","2409"
"2010-12-01 00:00:00","r","222"
"2010-12-01 00:00:00","ruby","1015"
"2010-12-01 00:00:00","swift","2"
"2011-01-01 00:00:00","assembly","118"
"2011-01-01 00:00:00","c","1393"
"2011-01-01 00:00:00","c#","7770"
"2011-01-01 00:00:00","c++","3368"
"2011-01-01 00:00:00","delphi","357"
"2011-01-01 00:00:00","go","12"
"2011-01-01 00:00:00","java","6400"
"2011-01-01 00:00:00","javascript","5331"
"2011-01-01 00:00:00","perl","469"
"2011-01-01 00:00:00","php","6245"
"2011-01-01 00:00:00","python","2811"
"2011-01-01 00:00:00","r","245"
"2011-01-01 00:00:00","ruby","1182"
"2011-01-01 00:00:00","swift","4"
"2011-02-01 00:00:00","assembly","135"
"2011-02-01 00:00:00","c","1592"
"2011-02-01 00:00:00","c#","7999"
"2011-02-01 00:00:00","c++","3346"
"2011-02-01 00:00:00","delphi","351"
"2011-02-01 00:00:00","go","16"
"2011-02-01 00:00:00","java","6680"
"2011-02-01 00:00:00","javascript","5526"
"2011-02-01 00:00:00","perl","479"
"2011-02-01 00:00:00","php","6538"
"2011-02-01 00:00:00","python","2959"
"2011-02-01 00:00:00","r","318"
"2011-02-01 00:00:00","ruby","1232"
"2011-02-01 00:00:00","swift","5"
"2011-03-01 00:00:00","assembly","189"
"2011-03-01 00:00:00","c","2054"
"2011-03-01 00:00:00","c#","9748"
"2011-03-01 00:00:00","c++","4078"
"2011-03-01 00:00:00","delphi","507"
"2011-03-01 00:00:00","go","3"
"2011-03-01 00:00:00","java","8248"
"2011-03-01 00:00:00","javascript","6647"
"2011-03-01 00:00:00","perl","599"
"2011-03-01 00:00:00","php","7909"
"2011-03-01 00:00:00","python","3660"
"2011-03-01 00:00:00","r","416"
"2011-03-01 00:00:00","ruby","1620"
"2011-03-01 00:00:00","swift","3"
"2011-04-01 00:00:00","assembly","154"
"2011-04-01 00:00:00","c","1976"
"2011-04-01 00:00:00","c#","9086"
"2011-04-01 00:00:00","c++","4087"
"2011-04-01 00:00:00","delphi","391"
"2011-04-01 00:00:00","go","7"
"2011-04-01 00:00:00","java","7733"
"2011-04-01 00:00:00","javascript","6774"
"2011-04-01 00:00:00","perl","544"
"2011-04-01 00:00:00","php","7459"
"2011-04-01 00:00:00","python","3263"
"2011-04-01 00:00:00","r","473"
"2011-04-01 00:00:00","ruby","1461"
"2011-04-01 00:00:00","swift","3"
"2011-05-01 00:00:00","assembly","155"
"2011-05-01 00:00:00","c","1792"
"2011-05-01 00:00:00","c#","9819"
"2011-05-01 00:00:00","c++","3786"
"2011-05-01 00:00:00","delphi","448"
"2011-05-01 00:00:00","go","35"
"2011-05-01 00:00:00","java","8401"
"2011-05-01 00:00:00","javascript","7181"
"2011-05-01 00:00:00","perl","578"
"2011-05-01 00:00:00","php","7872"
"2011-05-01 00:00:00","python","3444"
"2011-05-01 00:00:00","r","421"
"2011-05-01 00:00:00","ruby","1548"
"2011-05-01 00:00:00","swift","1"
"2011-06-01 00:00:00","assembly","135"
"2011-06-01 00:00:00","c","1721"
"2011-06-01 00:00:00","c#","9560"
"2011-06-01 00:00:00","c++","3706"
"2011-06-01 00:00:00","delphi","432"
"2011-06-01 00:00:00","go","34"
"2011-06-01 00:00:00","java","7772"
"2011-06-01 00:00:00","javascript","7545"
"2011-06-01 00:00:00","perl","562"
"2011-06-01 00:00:00","php","7860"
"2011-06-01 00:00:00","python","3401"
"2011-06-01 00:00:00","r","440"
"2011-06-01 00:00:00","ruby","1532"
"2011-06-01 00:00:00","swift","4"
"2011-07-01 00:00:00","assembly","136"
"2011-07-01 00:00:00","c","1617"
"2011-07-01 00:00:00","c#","9363"
"2011-07-01 00:00:00","c++","3757"
"2011-07-01 00:00:00","delphi","421"
"2011-07-01 00:00:00","go","25"
"2011-07-01 00:00:00","java","7973"
"2011-07-01 00:00:00","javascript","7938"
"2011-07-01 00:00:00","perl","652"
"2011-07-01 00:00:00","php","8455"
"2011-07-01 00:00:00","python","3580"
"2011-07-01 00:00:00","r","450"
"2011-07-01 00:00:00","ruby","1568"
"2011-07-01 00:00:00","swift","12"
"2011-08-01 00:00:00","assembly","151"
"2011-08-01 00:00:00","c","1774"
"2011-08-01 00:00:00","c#","9831"
"2011-08-01 00:00:00","c++","3878"
"2011-08-01 00:00:00","delphi","401"
"2011-08-01 00:00:00","go","40"
"2011-08-01 00:00:00","java","8444"
"2011-08-01 00:00:00","javascript","8687"
"2011-08-01 00:00:00","perl","590"
"2011-08-01 00:00:00","php","8626"
"2011-08-01 00:00:00","python","3731"
"2011-08-01 00:00:00","r","584"
"2011-08-01 00:00:00","ruby","1830"
"2011-08-01 00:00:00","swift","7"
"2011-09-01 00:00:00","assembly","150"
"2011-09-01 00:00:00","c","1892"
"2011-09-01 00:00:00","c#","9082"
"2011-09-01 00:00:00","c++","3831"
"2011-09-01 00:00:00","delphi","407"
"2011-09-01 00:00:00","go","26"
"2011-09-01 00:00:00","java","8112"
"2011-09-01 00:00:00","javascript","7991"
"2011-09-01 00:00:00","perl","495"
"2011-09-01 00:00:00","php","7827"
"2011-09-01 00:00:00","python","3434"
"2011-09-01 00:00:00","r","610"
"2011-09-01 00:00:00","ruby","1531"
"2011-09-01 00:00:00","swift","5"
"2011-10-01 00:00:00","assembly","200"
"2011-10-01 00:00:00","c","2074"
"2011-10-01 00:00:00","c#","8981"
"2011-10-01 00:00:00","c++","4138"
"2011-10-01 00:00:00","delphi","460"
"2011-10-01 00:00:00","go","39"
"2011-10-01 00:00:00","java","8359"
"2011-10-01 00:00:00","javascript","7835"
"2011-10-01 00:00:00","perl","545"
"2011-10-01 00:00:00","php","7785"
"2011-10-01 00:00:00","python","3527"
"2011-10-01 00:00:00","r","609"
"2011-10-01 00:00:00","ruby","1585"
"2011-10-01 00:00:00","swift","6"
"2011-11-01 00:00:00","assembly","198"
"2011-11-01 00:00:00","c","2148"
"2011-11-01 00:00:00","c#","9639"
"2011-11-01 00:00:00","c++","4323"
"2011-11-01 00:00:00","delphi","490"
"2011-11-01 00:00:00","go","65"
"2011-11-01 00:00:00","java","9361"
"2011-11-01 00:00:00","javascript","8394"
"2011-11-01 00:00:00","perl","597"
"2011-11-01 00:00:00","php","8413"
"2011-11-01 00:00:00","python","3743"
"2011-11-01 00:00:00","r","602"
"2011-11-01 00:00:00","ruby","1700"
"2011-11-01 00:00:00","swift","4"
"2011-12-01 00:00:00","assembly","217"
"2011-12-01 00:00:00","c","1959"
"2011-12-01 00:00:00","c#","9073"
"2011-12-01 00:00:00","c++","4240"
"2011-12-01 00:00:00","delphi","547"
"2011-12-01 00:00:00","go","48"
"2011-12-01 00:00:00","java","8927"
"2011-12-01 00:00:00","javascript","8072"
"2011-12-01 00:00:00","perl","533"
"2011-12-01 00:00:00","php","8003"
"2011-12-01 00:00:00","python","3490"
"2011-12-01 00:00:00","r","609"
"2011-12-01 00:00:00","ruby","1645"
"2011-12-01 00:00:00","swift","2"
"2012-01-01 00:00:00","assembly","163"
"2012-01-01 00:00:00","c","2158"
"2012-01-01 00:00:00","c#","10130"
"2012-01-01 00:00:00","c++","4393"
"2012-01-01 00:00:00","delphi","495"
"2012-01-01 00:00:00","go","36"
"2012-01-01 00:00:00","java","9844"
"2012-01-01 00:00:00","javascript","9305"
"2012-01-01 00:00:00","perl","555"
"2012-01-01 00:00:00","php","8953"
"2012-01-01 00:00:00","python","4093"
"2012-01-01 00:00:00","r","686"
"2012-01-01 00:00:00","ruby","1862"
"2012-01-01 00:00:00","swift","6"
"2012-02-01 00:00:00","assembly","218"
"2012-02-01 00:00:00","c","2338"
"2012-02-01 00:00:00","c#","10496"
"2012-02-01 00:00:00","c++","4947"
"2012-02-01 00:00:00","delphi","450"
"2012-02-01 00:00:00","go","29"
"2012-02-01 00:00:00","java","10627"
"2012-02-01 00:00:00","javascript","9680"
"2012-02-01 00:00:00","perl","609"
"2012-02-01 00:00:00","php","9564"
"2012-02-01 00:00:00","python","4396"
"2012-02-01 00:00:00","r","806"
"2012-02-01 00:00:00","ruby","2001"
"2012-02-01 00:00:00","swift","9"
"2012-03-01 00:00:00","assembly","257"
"2012-03-01 00:00:00","c","2646"
"2012-03-01 00:00:00","c#","11252"
"2012-03-01 00:00:00","c++","5049"
"2012-03-01 00:00:00","delphi","473"
"2012-03-01 00:00:00","go","47"
"2012-03-01 00:00:00","java","12007"
"2012-03-01 00:00:00","javascript","10388"
"2012-03-01 00:00:00","perl","596"
"2012-03-01 00:00:00","php","10434"
"2012-03-01 00:00:00","python","4916"
"2012-03-01 00:00:00","r","880"
"2012-03-01 00:00:00","ruby","2144"
"2012-03-01 00:00:00","swift","4"
"2012-04-01 00:00:00","assembly","268"
"2012-04-01 00:00:00","c","2608"
"2012-04-01 00:00:00","c#","10739"
"2012-04-01 00:00:00","c++","5141"
"2012-04-01 00:00:00","delphi","466"
"2012-04-01 00:00:00","go","66"
"2012-04-01 00:00:00","java","11712"
"2012-04-01 00:00:00","javascript","10290"
"2012-04-01 00:00:00","perl","589"
"2012-04-01 00:00:00","php","9995"
"2012-04-01 00:00:00","python","4784"
"2012-04-01 00:00:00","r","819"
"2012-04-01 00:00:00","ruby","1912"
"2012-04-01 00:00:00","swift","4"
"2012-05-01 00:00:00","assembly","215"
"2012-05-01 00:00:00","c","2407"
"2012-05-01 00:00:00","c#","11199"
"2012-05-01 00:00:00","c++","4845"
"2012-05-01 00:00:00","delphi","457"
"2012-05-01 00:00:00","go","65"
"2012-05-01 00:00:00","java","11830"
"2012-05-01 00:00:00","javascript","11139"
"2012-05-01 00:00:00","perl","634"
"2012-05-01 00:00:00","php","10502"
"2012-05-01 00:00:00","python","4972"
"2012-05-01 00:00:00","r","862"
"2012-05-01 00:00:00","ruby","1925"
"2012-05-01 00:00:00","swift","7"
"2012-06-01 00:00:00","assembly","192"
"2012-06-01 00:00:00","c","2253"
"2012-06-01 00:00:00","c#","11005"
"2012-06-01 00:00:00","c++","4511"
"2012-06-01 00:00:00","delphi","408"
"2012-06-01 00:00:00","go","68"
"2012-06-01 00:00:00","java","10784"
"2012-06-01 00:00:00","javascript","10934"
"2012-06-01 00:00:00","perl","733"
"2012-06-01 00:00:00","php","10153"
"2012-06-01 00:00:00","python","5178"
"2012-06-01 00:00:00","r","955"
"2012-06-01 00:00:00","ruby","1845"
"2012-06-01 00:00:00","swift","4"
"2012-07-01 00:00:00","assembly","185"
"2012-07-01 00:00:00","c","2308"
"2012-07-01 00:00:00","c#","12030"
"2012-07-01 00:00:00","c++","5128"
"2012-07-01 00:00:00","delphi","418"
"2012-07-01 00:00:00","go","75"
"2012-07-01 00:00:00","java","11944"
"2012-07-01 00:00:00","javascript","11970"
"2012-07-01 00:00:00","perl","659"
"2012-07-01 00:00:00","php","11320"
"2012-07-01 00:00:00","python","5611"
"2012-07-01 00:00:00","r","1095"
"2012-07-01 00:00:00","ruby","2021"
"2012-07-01 00:00:00","swift","8"
"2012-08-01 00:00:00","assembly","180"
"2012-08-01 00:00:00","c","2250"
"2012-08-01 00:00:00","c#","11704"
"2012-08-01 00:00:00","c++","5020"
"2012-08-01 00:00:00","delphi","398"
"2012-08-01 00:00:00","go","71"
"2012-08-01 00:00:00","java","11985"
"2012-08-01 00:00:00","javascript","12040"
"2012-08-01 00:00:00","perl","754"
"2012-08-01 00:00:00","php","11545"
"2012-08-01 00:00:00","python","5738"
"2012-08-01 00:00:00","r","1061"
"2012-08-01 00:00:00","ruby","2025"
"2012-08-01 00:00:00","swift","5"
"2012-09-01 00:00:00","assembly","216"
"2012-09-01 00:00:00","c","2458"
"2012-09-01 00:00:00","c#","10996"
"2012-09-01 00:00:00","c++","4751"
"2012-09-01 00:00:00","delphi","377"
"2012-09-01 00:00:00","go","123"
"2012-09-01 00:00:00","java","11369"
"2012-09-01 00:00:00","javascript","10856"
"2012-09-01 00:00:00","perl","656"
"2012-09-01 00:00:00","php","10647"
"2012-09-01 00:00:00","python","5145"
"2012-09-01 00:00:00","r","1043"
"2012-09-01 00:00:00","ruby","1912"
"2012-09-01 00:00:00","swift","7"
"2012-10-01 00:00:00","assembly","308"
"2012-10-01 00:00:00","c","3069"
"2012-10-01 00:00:00","c#","12397"
"2012-10-01 00:00:00","c++","5777"
"2012-10-01 00:00:00","delphi","469"
"2012-10-01 00:00:00","go","97"
"2012-10-01 00:00:00","java","13140"
"2012-10-01 00:00:00","javascript","12069"
"2012-10-01 00:00:00","perl","668"
"2012-10-01 00:00:00","php","11445"
"2012-10-01 00:00:00","python","5990"
"2012-10-01 00:00:00","r","1256"
"2012-10-01 00:00:00","ruby","2216"
"2012-10-01 00:00:00","swift","4"
"2012-11-01 00:00:00","assembly","297"
"2012-11-01 00:00:00","c","3102"
"2012-11-01 00:00:00","c#","11976"
"2012-11-01 00:00:00","c++","6099"
"2012-11-01 00:00:00","delphi","407"
"2012-11-01 00:00:00","go","101"
"2012-11-01 00:00:00","java","13219"
"2012-11-01 00:00:00","javascript","12019"
"2012-11-01 00:00:00","perl","625"
"2012-11-01 00:00:00","php","11483"
"2012-11-01 00:00:00","python","6254"
"2012-11-01 00:00:00","r","1319"
"2012-11-01 00:00:00","ruby","2106"
"2012-11-01 00:00:00","swift","4"
"2012-12-01 00:00:00","assembly","254"
"2012-12-01 00:00:00","c","2487"
"2012-12-01 00:00:00","c#","10732"
"2012-12-01 00:00:00","c++","5547"
"2012-12-01 00:00:00","delphi","414"
"2012-12-01 00:00:00","go","108"
"2012-12-01 00:00:00","java","12099"
"2012-12-01 00:00:00","javascript","11466"
"2012-12-01 00:00:00","perl","539"
"2012-12-01 00:00:00","php","10719"
"2012-12-01 00:00:00","python","5598"
"2012-12-01 00:00:00","r","1195"
"2012-12-01 00:00:00","ruby","1883"
"2012-12-01 00:00:00","swift","4"
"2013-01-01 00:00:00","assembly","281"
"2013-01-01 00:00:00","c","2830"
"2013-01-01 00:00:00","c#","12489"
"2013-01-01 00:00:00","c++","5868"
"2013-01-01 00:00:00","delphi","460"
"2013-01-01 00:00:00","go","98"
"2013-01-01 00:00:00","java","13430"
"2013-01-01 00:00:00","javascript","13409"
"2013-01-01 00:00:00","perl","645"
"2013-01-01 00:00:00","php","12485"
"2013-01-01 00:00:00","python","6382"
"2013-01-01 00:00:00","r","1487"
"2013-01-01 00:00:00","ruby","2256"
"2013-01-01 00:00:00","swift","5"
"2013-02-01 00:00:00","assembly","315"
"2013-02-01 00:00:00","c","3014"
"2013-02-01 00:00:00","c#","12229"
"2013-02-01 00:00:00","c++","5899"
"2013-02-01 00:00:00","delphi","427"
"2013-02-01 00:00:00","go","108"
"2013-02-01 00:00:00","java","13294"
"2013-02-01 00:00:00","javascript","13196"
"2013-02-01 00:00:00","perl","729"
"2013-02-01 00:00:00","php","12092"
"2013-02-01 00:00:00","python","6558"
"2013-02-01 00:00:00","r","1618"
"2013-02-01 00:00:00","ruby","2150"
"2013-02-01 00:00:00","swift","6"
"2013-03-01 00:00:00","assembly","360"
"2013-03-01 00:00:00","c","3325"
"2013-03-01 00:00:00","c#","13932"
"2013-03-01 00:00:00","c++","6946"
"2013-03-01 00:00:00","delphi","495"
"2013-03-01 00:00:00","go","121"
"2013-03-01 00:00:00","java","15496"
"2013-03-01 00:00:00","javascript","14801"
"2013-03-01 00:00:00","perl","823"
"2013-03-01 00:00:00","php","13657"
"2013-03-01 00:00:00","python","7410"
"2013-03-01 00:00:00","r","1789"
"2013-03-01 00:00:00","ruby","2507"
"2013-03-01 00:00:00","swift","4"
"2013-04-01 00:00:00","assembly","321"
"2013-04-01 00:00:00","c","3413"
"2013-04-01 00:00:00","c#","13600"
"2013-04-01 00:00:00","c++","6912"
"2013-04-01 00:00:00","delphi","495"
"2013-04-01 00:00:00","go","123"
"2013-04-01 00:00:00","java","15765"
"2013-04-01 00:00:00","javascript","14865"
"2013-04-01 00:00:00","perl","812"
"2013-04-01 00:00:00","php","12990"
"2013-04-01 00:00:00","python","7750"
"2013-04-01 00:00:00","r","1788"
"2013-04-01 00:00:00","ruby","2419"
"2013-04-01 00:00:00","swift","6"
"2013-05-01 00:00:00","assembly","295"
"2013-05-01 00:00:00","c","3100"
"2013-05-01 00:00:00","c#","13156"
"2013-05-01 00:00:00","c++","6623"
"2013-05-01 00:00:00","delphi","521"
"2013-05-01 00:00:00","go","137"
"2013-05-01 00:00:00","java","14843"
"2013-05-01 00:00:00","javascript","14657"
"2013-05-01 00:00:00","perl","878"
"2013-05-01 00:00:00","php","12737"
"2013-05-01 00:00:00","python","7653"
"2013-05-01 00:00:00","r","1748"
"2013-05-01 00:00:00","ruby","2288"
"2013-05-01 00:00:00","swift","2"
"2013-06-01 00:00:00","assembly","284"
"2013-06-01 00:00:00","c","2825"
"2013-06-01 00:00:00","c#","12486"
"2013-06-01 00:00:00","c++","6030"
"2013-06-01 00:00:00","delphi","469"
"2013-06-01 00:00:00","go","160"
"2013-06-01 00:00:00","java","13562"
"2013-06-01 00:00:00","javascript","14152"
"2013-06-01 00:00:00","perl","812"
"2013-06-01 00:00:00","php","12284"
"2013-06-01 00:00:00","python","7417"
"2013-06-01 00:00:00","r","1723"
"2013-06-01 00:00:00","ruby","2165"
"2013-06-01 00:00:00","swift","4"
"2013-07-01 00:00:00","assembly","292"
"2013-07-01 00:00:00","c","2936"
"2013-07-01 00:00:00","c#","13803"
"2013-07-01 00:00:00","c++","6424"
"2013-07-01 00:00:00","delphi","493"
"2013-07-01 00:00:00","go","192"
"2013-07-01 00:00:00","java","14697"
"2013-07-01 00:00:00","javascript","16338"
"2013-07-01 00:00:00","perl","942"
"2013-07-01 00:00:00","php","13913"
"2013-07-01 00:00:00","python","8375"
"2013-07-01 00:00:00","r","1909"
"2013-07-01 00:00:00","ruby","2387"
"2013-07-01 00:00:00","swift","7"
"2013-08-01 00:00:00","assembly","203"
"2013-08-01 00:00:00","c","2924"
"2013-08-01 00:00:00","c#","13530"
"2013-08-01 00:00:00","c++","6074"
"2013-08-01 00:00:00","delphi","434"
"2013-08-01 00:00:00","go","197"
"2013-08-01 00:00:00","java","14658"
"2013-08-01 00:00:00","javascript","16366"
"2013-08-01 00:00:00","perl","817"
"2013-08-01 00:00:00","php","13867"
"2013-08-01 00:00:00","python","7753"
"2013-08-01 00:00:00","r","1868"
"2013-08-01 00:00:00","ruby","2414"
"2013-08-01 00:00:00","swift","4"
"2013-09-01 00:00:00","assembly","277"
"2013-09-01 00:00:00","c","3292"
"2013-09-01 00:00:00","c#","13443"
"2013-09-01 00:00:00","c++","6363"
"2013-09-01 00:00:00","delphi","458"
"2013-09-01 00:00:00","go","226"
"2013-09-01 00:00:00","java","15814"
"2013-09-01 00:00:00","javascript","17123"
"2013-09-01 00:00:00","perl","658"
"2013-09-01 00:00:00","php","13854"
"2013-09-01 00:00:00","python","7802"
"2013-09-01 00:00:00","r","1681"
"2013-09-01 00:00:00","ruby","2345"
"2013-09-01 00:00:00","swift","9"
"2013-10-01 00:00:00","assembly","367"
"2013-10-01 00:00:00","c","4051"
"2013-10-01 00:00:00","c#","14867"
"2013-10-01 00:00:00","c++","7770"
"2013-10-01 00:00:00","delphi","506"
"2013-10-01 00:00:00","go","183"
"2013-10-01 00:00:00","java","18188"
"2013-10-01 00:00:00","javascript","19110"
"2013-10-01 00:00:00","perl","789"
"2013-10-01 00:00:00","php","14836"
"2013-10-01 00:00:00","python","9231"
"2013-10-01 00:00:00","r","2058"
"2013-10-01 00:00:00","ruby","2752"
"2013-10-01 00:00:00","swift","10"
"2013-11-01 00:00:00","assembly","409"
"2013-11-01 00:00:00","c","4126"
"2013-11-01 00:00:00","c#","14207"
"2013-11-01 00:00:00","c++","7908"
"2013-11-01 00:00:00","delphi","441"
"2013-11-01 00:00:00","go","182"
"2013-11-01 00:00:00","java","18180"
"2013-11-01 00:00:00","javascript","17988"
"2013-11-01 00:00:00","perl","808"
"2013-11-01 00:00:00","php","14378"
"2013-11-01 00:00:00","python","9277"
"2013-11-01 00:00:00","r","2148"
"2013-11-01 00:00:00","ruby","2539"
"2013-11-01 00:00:00","swift","5"
"2013-12-01 00:00:00","assembly","350"
"2013-12-01 00:00:00","c","3390"
"2013-12-01 00:00:00","c#","13325"
"2013-12-01 00:00:00","c++","6811"
"2013-12-01 00:00:00","delphi","443"
"2013-12-01 00:00:00","go","227"
"2013-12-01 00:00:00","java","16923"
"2013-12-01 00:00:00","javascript","17476"
"2013-12-01 00:00:00","perl","733"
"2013-12-01 00:00:00","php","13900"
"2013-12-01 00:00:00","python","8220"
"2013-12-01 00:00:00","r","1878"
"2013-12-01 00:00:00","ruby","2404"
"2013-12-01 00:00:00","swift","10"
"2014-01-01 00:00:00","assembly","334"
"2014-01-01 00:00:00","c","3590"
"2014-01-01 00:00:00","c#","14969"
"2014-01-01 00:00:00","c++","7499"
"2014-01-01 00:00:00","delphi","483"
"2014-01-01 00:00:00","go","283"
"2014-01-01 00:00:00","java","18190"
"2014-01-01 00:00:00","javascript","20435"
"2014-01-01 00:00:00","perl","787"
"2014-01-01 00:00:00","php","16218"
"2014-01-01 00:00:00","python","9625"
"2014-01-01 00:00:00","r","2308"
"2014-01-01 00:00:00","ruby","2702"
"2014-01-01 00:00:00","swift","6"
"2014-02-01 00:00:00","assembly","370"
"2014-02-01 00:00:00","c","3847"
"2014-02-01 00:00:00","c#","14778"
"2014-02-01 00:00:00","c++","7434"
"2014-02-01 00:00:00","delphi","470"
"2014-02-01 00:00:00","go","191"
"2014-02-01 00:00:00","java","18676"
"2014-02-01 00:00:00","javascript","20511"
"2014-02-01 00:00:00","perl","781"
"2014-02-01 00:00:00","php","15954"
"2014-02-01 00:00:00","python","9624"
"2014-02-01 00:00:00","r","2592"
"2014-02-01 00:00:00","ruby","2557"
"2014-02-01 00:00:00","swift","12"
"2014-03-01 00:00:00","assembly","443"
"2014-03-01 00:00:00","c","4366"
"2014-03-01 00:00:00","c#","15789"
"2014-03-01 00:00:00","c++","8367"
"2014-03-01 00:00:00","delphi","429"
"2014-03-01 00:00:00","go","245"
"2014-03-01 00:00:00","java","21282"
"2014-03-01 00:00:00","javascript","21850"
"2014-03-01 00:00:00","perl","893"
"2014-03-01 00:00:00","php","17722"
"2014-03-01 00:00:00","python","11100"
"2014-03-01 00:00:00","r","2757"
"2014-03-01 00:00:00","ruby","2874"
"2014-03-01 00:00:00","swift","5"
"2014-04-01 00:00:00","assembly","344"
"2014-04-01 00:00:00","c","3860"
"2014-04-01 00:00:00","c#","14895"
"2014-04-01 00:00:00","c++","7867"
"2014-04-01 00:00:00","delphi","382"
"2014-04-01 00:00:00","go","333"
"2014-04-01 00:00:00","java","20166"
"2014-04-01 00:00:00","javascript","20761"
"2014-04-01 00:00:00","perl","805"
"2014-04-01 00:00:00","php","16978"
"2014-04-01 00:00:00","python","10463"
"2014-04-01 00:00:00","r","2668"
"2014-04-01 00:00:00","ruby","2697"
"2014-04-01 00:00:00","swift","3"
"2014-05-01 00:00:00","assembly","316"
"2014-05-01 00:00:00","c","3166"
"2014-05-01 00:00:00","c#","13567"
"2014-05-01 00:00:00","c++","6524"
"2014-05-01 00:00:00","delphi","456"
"2014-05-01 00:00:00","go","271"
"2014-05-01 00:00:00","java","17446"
"2014-05-01 00:00:00","javascript","19128"
"2014-05-01 00:00:00","perl","783"
"2014-05-01 00:00:00","php","14265"
"2014-05-01 00:00:00","python","9013"
"2014-05-01 00:00:00","r","2548"
"2014-05-01 00:00:00","ruby","2617"
"2014-05-01 00:00:00","swift","9"
"2014-06-01 00:00:00","assembly","260"
"2014-06-01 00:00:00","c","2696"
"2014-06-01 00:00:00","c#","12237"
"2014-06-01 00:00:00","c++","5484"
"2014-06-01 00:00:00","delphi","404"
"2014-06-01 00:00:00","go","279"
"2014-06-01 00:00:00","java","15501"
"2014-06-01 00:00:00","javascript","17730"
"2014-06-01 00:00:00","perl","667"
"2014-06-01 00:00:00","php","12564"
"2014-06-01 00:00:00","python","8700"
"2014-06-01 00:00:00","r","2355"
"2014-06-01 00:00:00","ruby","2291"
"2014-06-01 00:00:00","swift","2354"
"2014-07-01 00:00:00","assembly","203"
"2014-07-01 00:00:00","c","2714"
"2014-07-01 00:00:00","c#","13423"
"2014-07-01 00:00:00","c++","6076"
"2014-07-01 00:00:00","delphi","425"
"2014-07-01 00:00:00","go","445"
"2014-07-01 00:00:00","java","16925"
"2014-07-01 00:00:00","javascript","19539"
"2014-07-01 00:00:00","perl","722"
"2014-07-01 00:00:00","php","13859"
"2014-07-01 00:00:00","python","9647"
"2014-07-01 00:00:00","r","2595"
"2014-07-01 00:00:00","ruby","2485"
"2014-07-01 00:00:00","swift","1609"
"2014-08-01 00:00:00","assembly","180"
"2014-08-01 00:00:00","c","2581"
"2014-08-01 00:00:00","c#","12244"
"2014-08-01 00:00:00","c++","5701"
"2014-08-01 00:00:00","delphi","409"
"2014-08-01 00:00:00","go","402"
"2014-08-01 00:00:00","java","15277"
"2014-08-01 00:00:00","javascript","17945"
"2014-08-01 00:00:00","perl","673"
"2014-08-01 00:00:00","php","12836"
"2014-08-01 00:00:00","python","8899"
"2014-08-01 00:00:00","r","2425"
"2014-08-01 00:00:00","ruby","2420"
"2014-08-01 00:00:00","swift","1666"
"2014-09-01 00:00:00","assembly","265"
"2014-09-01 00:00:00","c","3143"
"2014-09-01 00:00:00","c#","12054"
"2014-09-01 00:00:00","c++","5997"
"2014-09-01 00:00:00","delphi","436"
"2014-09-01 00:00:00","go","381"
"2014-09-01 00:00:00","java","16206"
"2014-09-01 00:00:00","javascript","17608"
"2014-09-01 00:00:00","perl","652"
"2014-09-01 00:00:00","php","12953"
"2014-09-01 00:00:00","python","8565"
"2014-09-01 00:00:00","r","2315"
"2014-09-01 00:00:00","ruby","2240"
"2014-09-01 00:00:00","swift","1869"
"2014-10-01 00:00:00","assembly","377"
"2014-10-01 00:00:00","c","3677"
"2014-10-01 00:00:00","c#","12248"
"2014-10-01 00:00:00","c++","6609"
"2014-10-01 00:00:00","delphi","405"
"2014-10-01 00:00:00","go","365"
"2014-10-01 00:00:00","java","17370"
"2014-10-01 00:00:00","javascript","18327"
"2014-10-01 00:00:00","perl","626"
"2014-10-01 00:00:00","php","13148"
"2014-10-01 00:00:00","python","9397"
"2014-10-01 00:00:00","r","2707"
"2014-10-01 00:00:00","ruby","2295"
"2014-10-01 00:00:00","swift","2415"
"2014-11-01 00:00:00","assembly","376"
"2014-11-01 00:00:00","c","3557"
"2014-11-01 00:00:00","c#","11587"
"2014-11-01 00:00:00","c++","6327"
"2014-11-01 00:00:00","delphi","414"
"2014-11-01 00:00:00","go","318"
"2014-11-01 00:00:00","java","17300"
"2014-11-01 00:00:00","javascript","17493"
"2014-11-01 00:00:00","perl","644"
"2014-11-01 00:00:00","php","12606"
"2014-11-01 00:00:00","python","9345"
"2014-11-01 00:00:00","r","2651"
"2014-11-01 00:00:00","ruby","2076"
"2014-11-01 00:00:00","swift","2499"
"2014-12-01 00:00:00","assembly","306"
"2014-12-01 00:00:00","c","3050"
"2014-12-01 00:00:00","c#","10801"
"2014-12-01 00:00:00","c++","5896"
"2014-12-01 00:00:00","delphi","304"
"2014-12-01 00:00:00","go","334"
"2014-12-01 00:00:00","java","15880"
"2014-12-01 00:00:00","javascript","16469"
"2014-12-01 00:00:00","perl","558"
"2014-12-01 00:00:00","php","11983"
"2014-12-01 00:00:00","python","8848"
"2014-12-01 00:00:00","r","2307"
"2014-12-01 00:00:00","ruby","2094"
"2014-12-01 00:00:00","swift","2442"
"2015-01-01 00:00:00","assembly","320"
"2015-01-01 00:00:00","c","3105"
"2015-01-01 00:00:00","c#","11500"
"2015-01-01 00:00:00","c++","5951"
"2015-01-01 00:00:00","delphi","374"
"2015-01-01 00:00:00","go","464"
"2015-01-01 00:00:00","java","16085"
"2015-01-01 00:00:00","javascript","17953"
"2015-01-01 00:00:00","perl","585"
"2015-01-01 00:00:00","php","13186"
"2015-01-01 00:00:00","python","9483"
"2015-01-01 00:00:00","r","2634"
"2015-01-01 00:00:00","ruby","2323"
"2015-01-01 00:00:00","swift","2965"
"2015-02-01 00:00:00","assembly","343"
"2015-02-01 00:00:00","c","3257"
"2015-02-01 00:00:00","c#","11561"
"2015-02-01 00:00:00","c++","6260"
"2015-02-01 00:00:00","delphi","409"
"2015-02-01 00:00:00","go","374"
"2015-02-01 00:00:00","java","16298"
"2015-02-01 00:00:00","javascript","18111"
"2015-02-01 00:00:00","perl","557"
"2015-02-01 00:00:00","php","13116"
"2015-02-01 00:00:00","python","9926"
"2015-02-01 00:00:00","r","2922"
"2015-02-01 00:00:00","ruby","2193"
"2015-02-01 00:00:00","swift","3158"
"2015-03-01 00:00:00","assembly","369"
"2015-03-01 00:00:00","c","3812"
"2015-03-01 00:00:00","c#","12972"
"2015-03-01 00:00:00","c++","7193"
"2015-03-01 00:00:00","delphi","407"
"2015-03-01 00:00:00","go","459"
"2015-03-01 00:00:00","java","19243"
"2015-03-01 00:00:00","javascript","19977"
"2015-03-01 00:00:00","perl","624"
"2015-03-01 00:00:00","php","14468"
"2015-03-01 00:00:00","python","11270"
"2015-03-01 00:00:00","r","3489"
"2015-03-01 00:00:00","ruby","2404"
"2015-03-01 00:00:00","swift","3521"
"2015-04-01 00:00:00","assembly","421"
"2015-04-01 00:00:00","c","3831"
"2015-04-01 00:00:00","c#","12818"
"2015-04-01 00:00:00","c++","6987"
"2015-04-01 00:00:00","delphi","385"
"2015-04-01 00:00:00","go","385"
"2015-04-01 00:00:00","java","19299"
"2015-04-01 00:00:00","javascript","20379"
"2015-04-01 00:00:00","perl","560"
"2015-04-01 00:00:00","php","14521"
"2015-04-01 00:00:00","python","11170"
"2015-04-01 00:00:00","r","3271"
"2015-04-01 00:00:00","ruby","2453"
"2015-04-01 00:00:00","swift","3933"
"2015-05-01 00:00:00","assembly","364"
"2015-05-01 00:00:00","c","3410"
"2015-05-01 00:00:00","c#","13054"
"2015-05-01 00:00:00","c++","6643"
"2015-05-01 00:00:00","delphi","399"
"2015-05-01 00:00:00","go","390"
"2015-05-01 00:00:00","java","18040"
"2015-05-01 00:00:00","javascript","21567"
"2015-05-01 00:00:00","perl","521"
"2015-05-01 00:00:00","php","14139"
"2015-05-01 00:00:00","python","10939"
"2015-05-01 00:00:00","r","3388"
"2015-05-01 00:00:00","ruby","2444"
"2015-05-01 00:00:00","swift","3689"
"2015-06-01 00:00:00","assembly","257"
"2015-06-01 00:00:00","c","3059"
"2015-06-01 00:00:00","c#","13219"
"2015-06-01 00:00:00","c++","6365"
"2015-06-01 00:00:00","delphi","383"
"2015-06-01 00:00:00","go","410"
"2015-06-01 00:00:00","java","17383"
"2015-06-01 00:00:00","javascript","22062"
"2015-06-01 00:00:00","perl","557"
"2015-06-01 00:00:00","php","13947"
"2015-06-01 00:00:00","python","11566"
"2015-06-01 00:00:00","r","3385"
"2015-06-01 00:00:00","ruby","2529"
"2015-06-01 00:00:00","swift","4232"
"2015-07-01 00:00:00","assembly","253"
"2015-07-01 00:00:00","c","2732"
"2015-07-01 00:00:00","c#","13793"
"2015-07-01 00:00:00","c++","6537"
"2015-07-01 00:00:00","delphi","383"
"2015-07-01 00:00:00","go","454"
"2015-07-01 00:00:00","java","18251"
"2015-07-01 00:00:00","javascript","23293"
"2015-07-01 00:00:00","perl","568"
"2015-07-01 00:00:00","php","14911"
"2015-07-01 00:00:00","python","12072"
"2015-07-01 00:00:00","r","3931"
"2015-07-01 00:00:00","ruby","2535"
"2015-07-01 00:00:00","swift","5034"
"2015-08-01 00:00:00","assembly","213"
"2015-08-01 00:00:00","c","2486"
"2015-08-01 00:00:00","c#","12943"
"2015-08-01 00:00:00","c++","5722"
"2015-08-01 00:00:00","delphi","381"
"2015-08-01 00:00:00","go","438"
"2015-08-01 00:00:00","java","16696"
"2015-08-01 00:00:00","javascript","21514"
"2015-08-01 00:00:00","perl","545"
"2015-08-01 00:00:00","php","13857"
"2015-08-01 00:00:00","python","10988"
"2015-08-01 00:00:00","r","3472"
"2015-08-01 00:00:00","ruby","2274"
"2015-08-01 00:00:00","swift","4974"
"2015-09-01 00:00:00","assembly","255"
"2015-09-01 00:00:00","c","2999"
"2015-09-01 00:00:00","c#","12626"
"2015-09-01 00:00:00","c++","5759"
"2015-09-01 00:00:00","delphi","354"
"2015-09-01 00:00:00","go","408"
"2015-09-01 00:00:00","java","16525"
"2015-09-01 00:00:00","javascript","20780"
"2015-09-01 00:00:00","perl","457"
"2015-09-01 00:00:00","php","13120"
"2015-09-01 00:00:00","python","10743"
"2015-09-01 00:00:00","r","3297"
"2015-09-01 00:00:00","ruby","2131"
"2015-09-01 00:00:00","swift","4431"
"2015-10-01 00:00:00","assembly","418"
"2015-10-01 00:00:00","c","3548"
"2015-10-01 00:00:00","c#","12511"
"2015-10-01 00:00:00","c++","6849"
"2015-10-01 00:00:00","delphi","418"
"2015-10-01 00:00:00","go","420"
"2015-10-01 00:00:00","java","18053"
"2015-10-01 00:00:00","javascript","21171"
"2015-10-01 00:00:00","perl","482"
"2015-10-01 00:00:00","php","13464"
"2015-10-01 00:00:00","python","12186"
"2015-10-01 00:00:00","r","3632"
"2015-10-01 00:00:00","ruby","2140"
"2015-10-01 00:00:00","swift","4175"
"2015-11-01 00:00:00","assembly","391"
"2015-11-01 00:00:00","c","3493"
"2015-11-01 00:00:00","c#","12049"
"2015-11-01 00:00:00","c++","6921"
"2015-11-01 00:00:00","delphi","385"
"2015-11-01 00:00:00","go","428"
"2015-11-01 00:00:00","java","17300"
"2015-11-01 00:00:00","javascript","20613"
"2015-11-01 00:00:00","perl","457"
"2015-11-01 00:00:00","php","12866"
"2015-11-01 00:00:00","python","12023"
"2015-11-01 00:00:00","r","3494"
"2015-11-01 00:00:00","ruby","1900"
"2015-11-01 00:00:00","swift","4208"
"2015-12-01 00:00:00","assembly","342"
"2015-12-01 00:00:00","c","2988"
"2015-12-01 00:00:00","c#","11769"
"2015-12-01 00:00:00","c++","6410"
"2015-12-01 00:00:00","delphi","313"
"2015-12-01 00:00:00","go","411"
"2015-12-01 00:00:00","java","16108"
"2015-12-01 00:00:00","javascript","20462"
"2015-12-01 00:00:00","perl","474"
"2015-12-01 00:00:00","php","13303"
"2015-12-01 00:00:00","python","11335"
"2015-12-01 00:00:00","r","3136"
"2015-12-01 00:00:00","ruby","1985"
"2015-12-01 00:00:00","swift","4243"
"2016-01-01 00:00:00","assembly","237"
"2016-01-01 00:00:00","c","2978"
"2016-01-01 00:00:00","c#","12050"
"2016-01-01 00:00:00","c++","5946"
"2016-01-01 00:00:00","delphi","315"
"2016-01-01 00:00:00","go","489"
"2016-01-01 00:00:00","java","16170"
"2016-01-01 00:00:00","javascript","21872"
"2016-01-01 00:00:00","perl","439"
"2016-01-01 00:00:00","php","14072"
"2016-01-01 00:00:00","python","12093"
"2016-01-01 00:00:00","r","3493"
"2016-01-01 00:00:00","ruby","2112"
"2016-01-01 00:00:00","swift","4674"
"2016-02-01 00:00:00","assembly","344"
"2016-02-01 00:00:00","c","3191"
"2016-02-01 00:00:00","c#","12420"
"2016-02-01 00:00:00","c++","6414"
"2016-02-01 00:00:00","delphi","351"
"2016-02-01 00:00:00","go","528"
"2016-02-01 00:00:00","java","17424"
"2016-02-01 00:00:00","javascript","21833"
"2016-02-01 00:00:00","perl","487"
"2016-02-01 00:00:00","php","14437"
"2016-02-01 00:00:00","python","12954"
"2016-02-01 00:00:00","r","3525"
"2016-02-01 00:00:00","ruby","2180"
"2016-02-01 00:00:00","swift","4629"
"2016-03-01 00:00:00","assembly","424"
"2016-03-01 00:00:00","c","3336"
"2016-03-01 00:00:00","c#","13212"
"2016-03-01 00:00:00","c++","6850"
"2016-03-01 00:00:00","delphi","330"
"2016-03-01 00:00:00","go","583"
"2016-03-01 00:00:00","java","19296"
"2016-03-01 00:00:00","javascript","23405"
"2016-03-01 00:00:00","perl","463"
"2016-03-01 00:00:00","php","14627"
"2016-03-01 00:00:00","python","13720"
"2016-03-01 00:00:00","r","3980"
"2016-03-01 00:00:00","ruby","2210"
"2016-03-01 00:00:00","swift","4944"
"2016-04-01 00:00:00","assembly","398"
"2016-04-01 00:00:00","c","3254"
"2016-04-01 00:00:00","c#","13379"
"2016-04-01 00:00:00","c++","6738"
"2016-04-01 00:00:00","delphi","323"
"2016-04-01 00:00:00","go","583"
"2016-04-01 00:00:00","java","18917"
"2016-04-01 00:00:00","javascript","22801"
"2016-04-01 00:00:00","perl","484"
"2016-04-01 00:00:00","php","13966"
"2016-04-01 00:00:00","python","13323"
"2016-04-01 00:00:00","r","4063"
"2016-04-01 00:00:00","ruby","2150"
"2016-04-01 00:00:00","swift","4620"
"2016-05-01 00:00:00","assembly","316"
"2016-05-01 00:00:00","c","2626"
"2016-05-01 00:00:00","c#","13131"
"2016-05-01 00:00:00","c++","5977"
"2016-05-01 00:00:00","delphi","329"
"2016-05-01 00:00:00","go","572"
"2016-05-01 00:00:00","java","16515"
"2016-05-01 00:00:00","javascript","22258"
"2016-05-01 00:00:00","perl","480"
"2016-05-01 00:00:00","php","13954"
"2016-05-01 00:00:00","python","12832"
"2016-05-01 00:00:00","r","3748"
"2016-05-01 00:00:00","ruby","2086"
"2016-05-01 00:00:00","swift","4300"
"2016-06-01 00:00:00","assembly","274"
"2016-06-01 00:00:00","c","2229"
"2016-06-01 00:00:00","c#","12756"
"2016-06-01 00:00:00","c++","5566"
"2016-06-01 00:00:00","delphi","275"
"2016-06-01 00:00:00","go","537"
"2016-06-01 00:00:00","java","15526"
"2016-06-01 00:00:00","javascript","21511"
"2016-06-01 00:00:00","perl","428"
"2016-06-01 00:00:00","php","13182"
"2016-06-01 00:00:00","python","12619"
"2016-06-01 00:00:00","r","3803"
"2016-06-01 00:00:00","ruby","2053"
"2016-06-01 00:00:00","swift","4644"
"2016-07-01 00:00:00","assembly","196"
"2016-07-01 00:00:00","c","2286"
"2016-07-01 00:00:00","c#","11704"
"2016-07-01 00:00:00","c++","5340"
"2016-07-01 00:00:00","delphi","232"
"2016-07-01 00:00:00","go","523"
"2016-07-01 00:00:00","java","14559"
"2016-07-01 00:00:00","javascript","21566"
"2016-07-01 00:00:00","perl","405"
"2016-07-01 00:00:00","php","12526"
"2016-07-01 00:00:00","python","12583"
"2016-07-01 00:00:00","r","3683"
"2016-07-01 00:00:00","ruby","1850"
"2016-07-01 00:00:00","swift","4776"
"2016-08-01 00:00:00","assembly","246"
"2016-08-01 00:00:00","c","2145"
"2016-08-01 00:00:00","c#","12360"
"2016-08-01 00:00:00","c++","4903"
"2016-08-01 00:00:00","delphi","326"
"2016-08-01 00:00:00","go","563"
"2016-08-01 00:00:00","java","14794"
"2016-08-01 00:00:00","javascript","22095"
"2016-08-01 00:00:00","perl","458"
"2016-08-01 00:00:00","php","12551"
"2016-08-01 00:00:00","python","12637"
"2016-08-01 00:00:00","r","3734"
"2016-08-01 00:00:00","ruby","1835"
"2016-08-01 00:00:00","swift","4763"
"2016-09-01 00:00:00","assembly","306"
"2016-09-01 00:00:00","c","2439"
"2016-09-01 00:00:00","c#","10832"
"2016-09-01 00:00:00","c++","5022"
"2016-09-01 00:00:00","delphi","279"
"2016-09-01 00:00:00","go","502"
"2016-09-01 00:00:00","java","14255"
"2016-09-01 00:00:00","javascript","19806"
"2016-09-01 00:00:00","perl","451"
"2016-09-01 00:00:00","php","11746"
"2016-09-01 00:00:00","python","12086"
"2016-09-01 00:00:00","r","3266"
"2016-09-01 00:00:00","ruby","1872"
"2016-09-01 00:00:00","swift","4744"
"2016-10-01 00:00:00","assembly","383"
"2016-10-01 00:00:00","c","3108"
"2016-10-01 00:00:00","c#","11126"
"2016-10-01 00:00:00","c++","5825"
"2016-10-01 00:00:00","delphi","266"
"2016-10-01 00:00:00","go","523"
"2016-10-01 00:00:00","java","14930"
"2016-10-01 00:00:00","javascript","19710"
"2016-10-01 00:00:00","perl","391"
"2016-10-01 00:00:00","php","11849"
"2016-10-01 00:00:00","python","13185"
"2016-10-01 00:00:00","r","3721"
"2016-10-01 00:00:00","ruby","1769"
"2016-10-01 00:00:00","swift","4601"
"2016-11-01 00:00:00","assembly","397"
"2016-11-01 00:00:00","c","3168"
"2016-11-01 00:00:00","c#","11377"
"2016-11-01 00:00:00","c++","5921"
"2016-11-01 00:00:00","delphi","261"
"2016-11-01 00:00:00","go","467"
"2016-11-01 00:00:00","java","15215"
"2016-11-01 00:00:00","javascript","19824"
"2016-11-01 00:00:00","perl","361"
"2016-11-01 00:00:00","php","11564"
"2016-11-01 00:00:00","python","13838"
"2016-11-01 00:00:00","r","3504"
"2016-11-01 00:00:00","ruby","1714"
"2016-11-01 00:00:00","swift","4241"
"2016-12-01 00:00:00","assembly","303"
"2016-12-01 00:00:00","c","2676"
"2016-12-01 00:00:00","c#","10412"
"2016-12-01 00:00:00","c++","5109"
"2016-12-01 00:00:00","delphi","236"
"2016-12-01 00:00:00","go","487"
"2016-12-01 00:00:00","java","13450"
"2016-12-01 00:00:00","javascript","19182"
"2016-12-01 00:00:00","perl","332"
"2016-12-01 00:00:00","php","11112"
"2016-12-01 00:00:00","python","12686"
"2016-12-01 00:00:00","r","3109"
"2016-12-01 00:00:00","ruby","1579"
"2016-12-01 00:00:00","swift","3821"
"2017-01-01 00:00:00","assembly","295"
"2017-01-01 00:00:00","c","2662"
"2017-01-01 00:00:00","c#","11383"
"2017-01-01 00:00:00","c++","5503"
"2017-01-01 00:00:00","delphi","273"
"2017-01-01 00:00:00","go","552"
"2017-01-01 00:00:00","java","14122"
"2017-01-01 00:00:00","javascript","20702"
"2017-01-01 00:00:00","perl","316"
"2017-01-01 00:00:00","php","12253"
"2017-01-01 00:00:00","python","13892"
"2017-01-01 00:00:00","r","3424"
"2017-01-01 00:00:00","ruby","1747"
"2017-01-01 00:00:00","swift","4230"
"2017-02-01 00:00:00","assembly","282"
"2017-02-01 00:00:00","c","2641"
"2017-02-01 00:00:00","c#","11212"
"2017-02-01 00:00:00","c++","5047"
"2017-02-01 00:00:00","delphi","280"
"2017-02-01 00:00:00","go","534"
"2017-02-01 00:00:00","java","14166"
"2017-02-01 00:00:00","javascript","20545"
"2017-02-01 00:00:00","perl","388"
"2017-02-01 00:00:00","php","12104"
"2017-02-01 00:00:00","python","14369"
"2017-02-01 00:00:00","r","3629"
"2017-02-01 00:00:00","ruby","1571"
"2017-02-01 00:00:00","swift","3966"
"2017-03-01 00:00:00","assembly","350"
"2017-03-01 00:00:00","c","2860"
"2017-03-01 00:00:00","c#","12631"
"2017-03-01 00:00:00","c++","6067"
"2017-03-01 00:00:00","delphi","290"
"2017-03-01 00:00:00","go","630"
"2017-03-01 00:00:00","java","16812"
"2017-03-01 00:00:00","javascript","22961"
"2017-03-01 00:00:00","perl","401"
"2017-03-01 00:00:00","php","13497"
"2017-03-01 00:00:00","python","16733"
"2017-03-01 00:00:00","r","4537"
"2017-03-01 00:00:00","ruby","1744"
"2017-03-01 00:00:00","swift","4491"
"2017-04-01 00:00:00","assembly","302"
"2017-04-01 00:00:00","c","2763"
"2017-04-01 00:00:00","c#","10800"
"2017-04-01 00:00:00","c++","5717"
"2017-04-01 00:00:00","delphi","241"
"2017-04-01 00:00:00","go","500"
"2017-04-01 00:00:00","java","15455"
"2017-04-01 00:00:00","javascript","20463"
"2017-04-01 00:00:00","perl","363"
"2017-04-01 00:00:00","php","11927"
"2017-04-01 00:00:00","python","15194"
"2017-04-01 00:00:00","r","4202"
"2017-04-01 00:00:00","ruby","1456"
"2017-04-01 00:00:00","swift","3815"
"2017-05-01 00:00:00","assembly","338"
"2017-05-01 00:00:00","c","2626"
"2017-05-01 00:00:00","c#","11663"
"2017-05-01 00:00:00","c++","5140"
"2017-05-01 00:00:00","delphi","310"
"2017-05-01 00:00:00","go","574"
"2017-05-01 00:00:00","java","15871"
"2017-05-01 00:00:00","javascript","21646"
"2017-05-01 00:00:00","perl","339"
"2017-05-01 00:00:00","php","12539"
"2017-05-01 00:00:00","python","15766"
"2017-05-01 00:00:00","r","4241"
"2017-05-01 00:00:00","ruby","1482"
"2017-05-01 00:00:00","swift","3997"
"2017-06-01 00:00:00","assembly","231"
"2017-06-01 00:00:00","c","2240"
"2017-06-01 00:00:00","c#","10902"
"2017-06-01 00:00:00","c++","4518"
"2017-06-01 00:00:00","delphi","241"
"2017-06-01 00:00:00","go","561"
"2017-06-01 00:00:00","java","14261"
"2017-06-01 00:00:00","javascript","20856"
"2017-06-01 00:00:00","perl","310"
"2017-06-01 00:00:00","php","11317"
"2017-06-01 00:00:00","python","15565"
"2017-06-01 00:00:00","r","4382"
"2017-06-01 00:00:00","ruby","1375"
"2017-06-01 00:00:00","swift","4071"
"2017-07-01 00:00:00","assembly","212"
"2017-07-01 00:00:00","c","1942"
"2017-07-01 00:00:00","c#","10855"
"2017-07-01 00:00:00","c++","4889"
"2017-07-01 00:00:00","delphi","198"
"2017-07-01 00:00:00","go","632"
"2017-07-01 00:00:00","java","13695"
"2017-07-01 00:00:00","javascript","20859"
"2017-07-01 00:00:00","perl","317"
"2017-07-01 00:00:00","php","11253"
"2017-07-01 00:00:00","python","16470"
"2017-07-01 00:00:00","r","4493"
"2017-07-01 00:00:00","ruby","1481"
"2017-07-01 00:00:00","swift","4206"
"2017-08-01 00:00:00","assembly","202"
"2017-08-01 00:00:00","c","1961"
"2017-08-01 00:00:00","c#","10590"
"2017-08-01 00:00:00","c++","4654"
"2017-08-01 00:00:00","delphi","285"
"2017-08-01 00:00:00","go","594"
"2017-08-01 00:00:00","java","13317"
"2017-08-01 00:00:00","javascript","20504"
"2017-08-01 00:00:00","perl","349"
"2017-08-01 00:00:00","php","11133"
"2017-08-01 00:00:00","python","15989"
"2017-08-01 00:00:00","r","4511"
"2017-08-01 00:00:00","ruby","1350"
"2017-08-01 00:00:00","swift","4038"
"2017-09-01 00:00:00","assembly","217"
"2017-09-01 00:00:00","c","2033"
"2017-09-01 00:00:00","c#","9600"
"2017-09-01 00:00:00","c++","4314"
"2017-09-01 00:00:00","delphi","250"
"2017-09-01 00:00:00","go","533"
"2017-09-01 00:00:00","java","12333"
"2017-09-01 00:00:00","javascript","18256"
"2017-09-01 00:00:00","perl","290"
"2017-09-01 00:00:00","php","10232"
"2017-09-01 00:00:00","python","14998"
"2017-09-01 00:00:00","r","4169"
"2017-09-01 00:00:00","ruby","1168"
"2017-09-01 00:00:00","swift","3655"
"2017-10-01 00:00:00","assembly","319"
"2017-10-01 00:00:00","c","2654"
"2017-10-01 00:00:00","c#","9902"
"2017-10-01 00:00:00","c++","5058"
"2017-10-01 00:00:00","delphi","211"
"2017-10-01 00:00:00","go","601"
"2017-10-01 00:00:00","java","13504"
"2017-10-01 00:00:00","javascript","19054"
"2017-10-01 00:00:00","perl","320"
"2017-10-01 00:00:00","php","10392"
"2017-10-01 00:00:00","python","16373"
"2017-10-01 00:00:00","r","4471"
"2017-10-01 00:00:00","ruby","1262"
"2017-10-01 00:00:00","swift","3757"
"2017-11-01 00:00:00","assembly","363"
"2017-11-01 00:00:00","c","2849"
"2017-11-01 00:00:00","c#","9490"
"2017-11-01 00:00:00","c++","4905"
"2017-11-01 00:00:00","delphi","191"
"2017-11-01 00:00:00","go","631"
"2017-11-01 00:00:00","java","13747"
"2017-11-01 00:00:00","javascript","18779"
"2017-11-01 00:00:00","perl","262"
"2017-11-01 00:00:00","php","10178"
"2017-11-01 00:00:00","python","16378"
"2017-11-01 00:00:00","r","4435"
"2017-11-01 00:00:00","ruby","1144"
"2017-11-01 00:00:00","swift","3501"
"2017-12-01 00:00:00","assembly","239"
"2017-12-01 00:00:00","c","2119"
"2017-12-01 00:00:00","c#","8324"
"2017-12-01 00:00:00","c++","4354"
"2017-12-01 00:00:00","delphi","175"
"2017-12-01 00:00:00","go","496"
"2017-12-01 00:00:00","java","11601"
"2017-12-01 00:00:00","javascript","16368"
"2017-12-01 00:00:00","perl","234"
"2017-12-01 00:00:00","php","8738"
"2017-12-01 00:00:00","python","14465"
"2017-12-01 00:00:00","r","3647"
"2017-12-01 00:00:00","ruby","987"
"2017-12-01 00:00:00","swift","3103"
"2018-01-01 00:00:00","assembly","241"
"2018-01-01 00:00:00","c","2133"
"2018-01-01 00:00:00","c#","9068"
"2018-01-01 00:00:00","c++","4597"
"2018-01-01 00:00:00","delphi","183"
"2018-01-01 00:00:00","go","518"
"2018-01-01 00:00:00","java","12000"
"2018-01-01 00:00:00","javascript","18183"
"2018-01-01 00:00:00","perl","244"
"2018-01-01 00:00:00","php","9711"
"2018-01-01 00:00:00","python","15766"
"2018-01-01 00:00:00","r","4126"
"2018-01-01 00:00:00","ruby","1133"
"2018-01-01 00:00:00","swift","3588"
"2018-02-01 00:00:00","assembly","271"
"2018-02-01 00:00:00","c","2050"
"2018-02-01 00:00:00","c#","8318"
"2018-02-01 00:00:00","c++","4433"
"2018-02-01 00:00:00","delphi","208"
"2018-02-01 00:00:00","go","562"
"2018-02-01 00:00:00","java","11703"
"2018-02-01 00:00:00","javascript","16556"
"2018-02-01 00:00:00","perl","228"
"2018-02-01 00:00:00","php","8724"
"2018-02-01 00:00:00","python","15800"
"2018-02-01 00:00:00","r","4434"
"2018-02-01 00:00:00","ruby","1003"
"2018-02-01 00:00:00","swift","3302"
"2018-03-01 00:00:00","assembly","303"
"2018-03-01 00:00:00","c","2368"
"2018-03-01 00:00:00","c#","9503"
"2018-03-01 00:00:00","c++","5010"
"2018-03-01 00:00:00","delphi","214"
"2018-03-01 00:00:00","go","586"
"2018-03-01 00:00:00","java","13206"
"2018-03-01 00:00:00","javascript","18429"
"2018-03-01 00:00:00","perl","286"
"2018-03-01 00:00:00","php","9417"
"2018-03-01 00:00:00","python","17408"
"2018-03-01 00:00:00","r","5009"
"2018-03-01 00:00:00","ruby","1034"
"2018-03-01 00:00:00","swift","3922"
"2018-04-01 00:00:00","assembly","305"
"2018-04-01 00:00:00","c","2100"
"2018-04-01 00:00:00","c#","8922"
"2018-04-01 00:00:00","c++","4525"
"2018-04-01 00:00:00","delphi","198"
"2018-04-01 00:00:00","go","602"
"2018-04-01 00:00:00","java","13075"
"2018-04-01 00:00:00","javascript","17306"
"2018-04-01 00:00:00","perl","247"
"2018-04-01 00:00:00","php","8501"
"2018-04-01 00:00:00","python","16556"
"2018-04-01 00:00:00","r","4650"
"2018-04-01 00:00:00","ruby","951"
"2018-04-01 00:00:00","swift","3406"
"2018-05-01 00:00:00","assembly","286"
"2018-05-01 00:00:00","c","2271"
"2018-05-01 00:00:00","c#","9590"
"2018-05-01 00:00:00","c++","4542"
"2018-05-01 00:00:00","delphi","186"
"2018-05-01 00:00:00","go","616"
"2018-05-01 00:00:00","java","13070"
"2018-05-01 00:00:00","javascript","17371"
"2018-05-01 00:00:00","perl","231"
"2018-05-01 00:00:00","php","9019"
"2018-05-01 00:00:00","python","17104"
"2018-05-01 00:00:00","r","4661"
"2018-05-01 00:00:00","ruby","992"
"2018-05-01 00:00:00","swift","3504"
"2018-06-01 00:00:00","assembly","197"
"2018-06-01 00:00:00","c","1777"
"2018-06-01 00:00:00","c#","8495"
"2018-06-01 00:00:00","c++","3978"
"2018-06-01 00:00:00","delphi","182"
"2018-06-01 00:00:00","go","659"
"2018-06-01 00:00:00","java","11486"
"2018-06-01 00:00:00","javascript","16571"
"2018-06-01 00:00:00","perl","233"
"2018-06-01 00:00:00","php","8053"
"2018-06-01 00:00:00","python","16315"
"2018-06-01 00:00:00","r","4439"
"2018-06-01 00:00:00","ruby","966"
"2018-06-01 00:00:00","swift","3036"
"2018-07-01 00:00:00","assembly","179"
"2018-07-01 00:00:00","c","1532"
"2018-07-01 00:00:00","c#","9143"
"2018-07-01 00:00:00","c++","3781"
"2018-07-01 00:00:00","delphi","200"
"2018-07-01 00:00:00","go","667"
"2018-07-01 00:00:00","java","11442"
"2018-07-01 00:00:00","javascript","17176"
"2018-07-01 00:00:00","perl","242"
"2018-07-01 00:00:00","php","8165"
"2018-07-01 00:00:00","python","17471"
"2018-07-01 00:00:00","r","4341"
"2018-07-01 00:00:00","ruby","923"
"2018-07-01 00:00:00","swift","3495"
"2018-08-01 00:00:00","assembly","166"
"2018-08-01 00:00:00","c","1610"
"2018-08-01 00:00:00","c#","9205"
"2018-08-01 00:00:00","c++","3797"
"2018-08-01 00:00:00","delphi","196"
"2018-08-01 00:00:00","go","688"
"2018-08-01 00:00:00","java","11026"
"2018-08-01 00:00:00","javascript","17297"
"2018-08-01 00:00:00","perl","226"
"2018-08-01 00:00:00","php","8182"
"2018-08-01 00:00:00","python","17279"
"2018-08-01 00:00:00","r","4046"
"2018-08-01 00:00:00","ruby","853"
"2018-08-01 00:00:00","swift","3425"
"2018-09-01 00:00:00","assembly","243"
"2018-09-01 00:00:00","c","1770"
"2018-09-01 00:00:00","c#","8152"
"2018-09-01 00:00:00","c++","3632"
"2018-09-01 00:00:00","delphi","176"
"2018-09-01 00:00:00","go","651"
"2018-09-01 00:00:00","java","10406"
"2018-09-01 00:00:00","javascript","15442"
"2018-09-01 00:00:00","perl","203"
"2018-09-01 00:00:00","php","7385"
"2018-09-01 00:00:00","python","15564"
"2018-09-01 00:00:00","r","3681"
"2018-09-01 00:00:00","ruby","748"
"2018-09-01 00:00:00","swift","3042"
"2018-10-01 00:00:00","assembly","296"
"2018-10-01 00:00:00","c","2336"
"2018-10-01 00:00:00","c#","9052"
"2018-10-01 00:00:00","c++","4175"
"2018-10-01 00:00:00","delphi","215"
"2018-10-01 00:00:00","go","749"
"2018-10-01 00:00:00","java","12093"
"2018-10-01 00:00:00","javascript","16822"
"2018-10-01 00:00:00","perl","276"
"2018-10-01 00:00:00","php","7762"
"2018-10-01 00:00:00","python","17653"
"2018-10-01 00:00:00","r","4289"
"2018-10-01 00:00:00","ruby","878"
"2018-10-01 00:00:00","swift","3152"
"2018-11-01 00:00:00","assembly","294"
"2018-11-01 00:00:00","c","2395"
"2018-11-01 00:00:00","c#","8219"
"2018-11-01 00:00:00","c++","4209"
"2018-11-01 00:00:00","delphi","177"
"2018-11-01 00:00:00","go","695"
"2018-11-01 00:00:00","java","11343"
"2018-11-01 00:00:00","javascript","15563"
"2018-11-01 00:00:00","perl","231"
"2018-11-01 00:00:00","php","6762"
"2018-11-01 00:00:00","python","17550"
"2018-11-01 00:00:00","r","4110"
"2018-11-01 00:00:00","ruby","810"
"2018-11-01 00:00:00","swift","2870"
"2018-12-01 00:00:00","assembly","201"
"2018-12-01 00:00:00","c","2104"
"2018-12-01 00:00:00","c#","7300"
"2018-12-01 00:00:00","c++","3439"
"2018-12-01 00:00:00","delphi","165"
"2018-12-01 00:00:00","go","631"
"2018-12-01 00:00:00","java","10127"
"2018-12-01 00:00:00","javascript","13712"
"2018-12-01 00:00:00","perl","218"
"2018-12-01 00:00:00","php","5939"
"2018-12-01 00:00:00","python","15241"
"2018-12-01 00:00:00","r","3337"
"2018-12-01 00:00:00","ruby","783"
"2018-12-01 00:00:00","swift","2691"
"2019-01-01 00:00:00","assembly","212"
"2019-01-01 00:00:00","c","2174"
"2019-01-01 00:00:00","c#","8499"
"2019-01-01 00:00:00","c++","3797"
"2019-01-01 00:00:00","delphi","203"
"2019-01-01 00:00:00","go","645"
"2019-01-01 00:00:00","java","10726"
"2019-01-01 00:00:00","javascript","15430"
"2019-01-01 00:00:00","perl","261"
"2019-01-01 00:00:00","php","6877"
"2019-01-01 00:00:00","python","16458"
"2019-01-01 00:00:00","r","3880"
"2019-01-01 00:00:00","ruby","888"
"2019-01-01 00:00:00","swift","2799"
"2019-02-01 00:00:00","assembly","216"
"2019-02-01 00:00:00","c","1971"
"2019-02-01 00:00:00","c#","8064"
"2019-02-01 00:00:00","c++","3615"
"2019-02-01 00:00:00","delphi","185"
"2019-02-01 00:00:00","go","615"
"2019-02-01 00:00:00","java","10665"
"2019-02-01 00:00:00","javascript","15181"
"2019-02-01 00:00:00","perl","246"
"2019-02-01 00:00:00","php","7038"
"2019-02-01 00:00:00","python","17029"
"2019-02-01 00:00:00","r","4172"
"2019-02-01 00:00:00","ruby","771"
"2019-02-01 00:00:00","swift","2585"
"2019-03-01 00:00:00","assembly","270"
"2019-03-01 00:00:00","c","2295"
"2019-03-01 00:00:00","c#","8689"
"2019-03-01 00:00:00","c++","4270"
"2019-03-01 00:00:00","delphi","182"
"2019-03-01 00:00:00","go","712"
"2019-03-01 00:00:00","java","11672"
"2019-03-01 00:00:00","javascript","16773"
"2019-03-01 00:00:00","perl","227"
"2019-03-01 00:00:00","php","7506"
"2019-03-01 00:00:00","python","19354"
"2019-03-01 00:00:00","r","4425"
"2019-03-01 00:00:00","ruby","815"
"2019-03-01 00:00:00","swift","2829"
"2019-04-01 00:00:00","assembly","298"
"2019-04-01 00:00:00","c","2343"
"2019-04-01 00:00:00","c#","8856"
"2019-04-01 00:00:00","c++","4215"
"2019-04-01 00:00:00","delphi","203"
"2019-04-01 00:00:00","go","638"
"2019-04-01 00:00:00","java","10858"
"2019-04-01 00:00:00","javascript","15611"
"2019-04-01 00:00:00","perl","205"
"2019-04-01 00:00:00","php","6922"
"2019-04-01 00:00:00","python","19351"
"2019-04-01 00:00:00","r","4538"
"2019-04-01 00:00:00","ruby","755"
"2019-04-01 00:00:00","swift","2945"
"2019-05-01 00:00:00","assembly","229"
"2019-05-01 00:00:00","c","2011"
"2019-05-01 00:00:00","c#","8723"
"2019-05-01 00:00:00","c++","3986"
"2019-05-01 00:00:00","delphi","166"
"2019-05-01 00:00:00","go","663"
"2019-05-01 00:00:00","java","10748"
"2019-05-01 00:00:00","javascript","15636"
"2019-05-01 00:00:00","perl","220"
"2019-05-01 00:00:00","php","6679"
"2019-05-01 00:00:00","python","18448"
"2019-05-01 00:00:00","r","4248"
"2019-05-01 00:00:00","ruby","749"
"2019-05-01 00:00:00","swift","2977"
"2019-06-01 00:00:00","assembly","193"
"2019-06-01 00:00:00","c","1670"
"2019-06-01 00:00:00","c#","7370"
"2019-06-01 00:00:00","c++","3511"
"2019-06-01 00:00:00","delphi","133"
"2019-06-01 00:00:00","go","516"
"2019-06-01 00:00:00","java","9383"
"2019-06-01 00:00:00","javascript","14320"
"2019-06-01 00:00:00","perl","232"
"2019-06-01 00:00:00","php","5771"
"2019-06-01 00:00:00","python","16784"
"2019-06-01 00:00:00","r","3877"
"2019-06-01 00:00:00","ruby","690"
"2019-06-01 00:00:00","swift","2942"
"2019-07-01 00:00:00","assembly","179"
"2019-07-01 00:00:00","c","1672"
"2019-07-01 00:00:00","c#","8152"
"2019-07-01 00:00:00","c++","4116"
"2019-07-01 00:00:00","delphi","162"
"2019-07-01 00:00:00","go","617"
"2019-07-01 00:00:00","java","10545"
"2019-07-01 00:00:00","javascript","15611"
"2019-07-01 00:00:00","perl","234"
"2019-07-01 00:00:00","php","6430"
"2019-07-01 00:00:00","python","19217"
"2019-07-01 00:00:00","r","4145"
"2019-07-01 00:00:00","ruby","747"
"2019-07-01 00:00:00","swift","2935"
"2019-08-01 00:00:00","assembly","165"
"2019-08-01 00:00:00","c","1494"
"2019-08-01 00:00:00","c#","7406"
"2019-08-01 00:00:00","c++","3188"
"2019-08-01 00:00:00","delphi","171"
"2019-08-01 00:00:00","go","622"
"2019-08-01 00:00:00","java","8832"
"2019-08-01 00:00:00","javascript","14733"
"2019-08-01 00:00:00","perl","188"
"2019-08-01 00:00:00","php","5625"
"2019-08-01 00:00:00","python","17504"
"2019-08-01 00:00:00","r","3888"
"2019-08-01 00:00:00","ruby","764"
"2019-08-01 00:00:00","swift","2463"
"2019-09-01 00:00:00","assembly","215"
"2019-09-01 00:00:00","c","1859"
"2019-09-01 00:00:00","c#","7589"
"2019-09-01 00:00:00","c++","3655"
"2019-09-01 00:00:00","delphi","143"
"2019-09-01 00:00:00","go","608"
"2019-09-01 00:00:00","java","9379"
"2019-09-01 00:00:00","javascript","14358"
"2019-09-01 00:00:00","perl","195"
"2019-09-01 00:00:00","php","5401"
"2019-09-01 00:00:00","python","16442"
"2019-09-01 00:00:00","r","3830"
"2019-09-01 00:00:00","ruby","704"
"2019-09-01 00:00:00","swift","2491"
"2019-10-01 00:00:00","assembly","295"
"2019-10-01 00:00:00","c","2372"
"2019-10-01 00:00:00","c#","8188"
"2019-10-01 00:00:00","c++","4667"
"2019-10-01 00:00:00","delphi","153"
"2019-10-01 00:00:00","go","622"
"2019-10-01 00:00:00","java","10864"
"2019-10-01 00:00:00","javascript","15464"
"2019-10-01 00:00:00","perl","205"
"2019-10-01 00:00:00","php","5854"
"2019-10-01 00:00:00","python","19864"
"2019-10-01 00:00:00","r","4289"
"2019-10-01 00:00:00","ruby","823"
"2019-10-01 00:00:00","swift","3011"
"2019-11-01 00:00:00","assembly","279"
"2019-11-01 00:00:00","c","2390"
"2019-11-01 00:00:00","c#","7807"
"2019-11-01 00:00:00","c++","4570"
"2019-11-01 00:00:00","delphi","167"
"2019-11-01 00:00:00","go","588"
"2019-11-01 00:00:00","java","10035"
"2019-11-01 00:00:00","javascript","15183"
"2019-11-01 00:00:00","perl","219"
"2019-11-01 00:00:00","php","5887"
"2019-11-01 00:00:00","python","19975"
"2019-11-01 00:00:00","r","4220"
"2019-11-01 00:00:00","ruby","665"
"2019-11-01 00:00:00","swift","2731"
"2019-12-01 00:00:00","assembly","239"
"2019-12-01 00:00:00","c","2052"
"2019-12-01 00:00:00","c#","6962"
"2019-12-01 00:00:00","c++","4050"
"2019-12-01 00:00:00","delphi","125"
"2019-12-01 00:00:00","go","601"
"2019-12-01 00:00:00","java","8730"
"2019-12-01 00:00:00","javascript","13801"
"2019-12-01 00:00:00","perl","156"
"2019-12-01 00:00:00","php","5052"
"2019-12-01 00:00:00","python","17513"
"2019-12-01 00:00:00","r","3667"
"2019-12-01 00:00:00","ruby","653"
"2019-12-01 00:00:00","swift","2553"
"2020-01-01 00:00:00","assembly","221"
"2020-01-01 00:00:00","c","1987"
"2020-01-01 00:00:00","c#","7540"
"2020-01-01 00:00:00","c++","4115"
"2020-01-01 00:00:00","delphi","161"
"2020-01-01 00:00:00","go","631"
"2020-01-01 00:00:00","java","9644"
"2020-01-01 00:00:00","javascript","15450"
"2020-01-01 00:00:00","perl","163"
"2020-01-01 00:00:00","php","5692"
"2020-01-01 00:00:00","python","19395"
"2020-01-01 00:00:00","r","4069"
"2020-01-01 00:00:00","ruby","745"
"2020-01-01 00:00:00","swift","2801"
"2020-02-01 00:00:00","assembly","257"
"2020-02-01 00:00:00","c","1878"
"2020-02-01 00:00:00","c#","7435"
"2020-02-01 00:00:00","c++","3909"
"2020-02-01 00:00:00","delphi","153"
"2020-02-01 00:00:00","go","637"
"2020-02-01 00:00:00","java","9703"
"2020-02-01 00:00:00","javascript","15212"
"2020-02-01 00:00:00","perl","177"
"2020-02-01 00:00:00","php","5442"
"2020-02-01 00:00:00","python","19398"
"2020-02-01 00:00:00","r","4587"
"2020-02-01 00:00:00","ruby","639"
"2020-02-01 00:00:00","swift","2671"
"2020-03-01 00:00:00","assembly","282"
"2020-03-01 00:00:00","c","2378"
"2020-03-01 00:00:00","c#","7559"
"2020-03-01 00:00:00","c++","4470"
"2020-03-01 00:00:00","delphi","162"
"2020-03-01 00:00:00","go","640"
"2020-03-01 00:00:00","java","10710"
"2020-03-01 00:00:00","javascript","16913"
"2020-03-01 00:00:00","perl","196"
"2020-03-01 00:00:00","php","5439"
"2020-03-01 00:00:00","python","21919"
"2020-03-01 00:00:00","r","5051"
"2020-03-01 00:00:00","ruby","700"
"2020-03-01 00:00:00","swift","2831"
"2020-04-01 00:00:00","assembly","361"
"2020-04-01 00:00:00","c","3055"
"2020-04-01 00:00:00","c#","8316"
"2020-04-01 00:00:00","c++","5970"
"2020-04-01 00:00:00","delphi","221"
"2020-04-01 00:00:00","go","780"
"2020-04-01 00:00:00","java","12221"
"2020-04-01 00:00:00","javascript","20181"
"2020-04-01 00:00:00","perl","215"
"2020-04-01 00:00:00","php","6415"
"2020-04-01 00:00:00","python","26710"
"2020-04-01 00:00:00","r","6064"
"2020-04-01 00:00:00","ruby","743"
"2020-04-01 00:00:00","swift","3331"
"2020-05-01 00:00:00","assembly","354"
"2020-05-01 00:00:00","c","3212"
"2020-05-01 00:00:00","c#","8321"
"2020-05-01 00:00:00","c++","6147"
"2020-05-01 00:00:00","delphi","199"
"2020-05-01 00:00:00","go","740"
"2020-05-01 00:00:00","java","11579"
"2020-05-01 00:00:00","javascript","20734"
"2020-05-01 00:00:00","perl","211"
"2020-05-01 00:00:00","php","6297"
"2020-05-01 00:00:00","python","28487"
"2020-05-01 00:00:00","r","5913"
"2020-05-01 00:00:00","ruby","677"
"2020-05-01 00:00:00","swift","3357"
"2020-06-01 00:00:00","assembly","312"
"2020-06-01 00:00:00","c","2436"
"2020-06-01 00:00:00","c#","7626"
"2020-06-01 00:00:00","c++","5333"
"2020-06-01 00:00:00","delphi","198"
"2020-06-01 00:00:00","go","691"
"2020-06-01 00:00:00","java","10478"
"2020-06-01 00:00:00","javascript","19089"
"2020-06-01 00:00:00","perl","195"
"2020-06-01 00:00:00","php","5703"
"2020-06-01 00:00:00","python","26146"
"2020-06-01 00:00:00","r","5352"
"2020-06-01 00:00:00","ruby","589"
"2020-06-01 00:00:00","swift","3035"
"2020-07-01 00:00:00","assembly","242"
"2020-07-01 00:00:00","c","1977"
"2020-07-01 00:00:00","c#","7543"
"2020-07-01 00:00:00","c++","4943"
"2020-07-01 00:00:00","delphi","183"
"2020-07-01 00:00:00","go","636"
"2020-07-01 00:00:00","java","10145"
"2020-07-01 00:00:00","javascript","19078"
"2020-07-01 00:00:00","perl","175"
"2020-07-01 00:00:00","php","5718"
"2020-07-01 00:00:00","python","25353"
"2020-07-01 00:00:00","r","4873"
"2020-07-01 00:00:00","ruby","679"
"2020-07-01 00:00:00","swift","2917"
"2020-08-01 00:00:00","assembly","256"
"2020-08-01 00:00:00","c","1806"
"2020-08-01 00:00:00","c#","6853"
"2020-08-01 00:00:00","c++","4579"
"2020-08-01 00:00:00","delphi","176"
"2020-08-01 00:00:00","go","694"
"2020-08-01 00:00:00","java","9015"
"2020-08-01 00:00:00","javascript","17301"
"2020-08-01 00:00:00","perl","192"
"2020-08-01 00:00:00","php","4817"
"2020-08-01 00:00:00","python","22237"
"2020-08-01 00:00:00","r","4426"
"2020-08-01 00:00:00","ruby","533"
"2020-08-01 00:00:00","swift","2617"
"2020-09-01 00:00:00","assembly","282"
"2020-09-01 00:00:00","c","2031"
"2020-09-01 00:00:00","c#","6273"
"2020-09-01 00:00:00","c++","3788"
"2020-09-01 00:00:00","delphi","171"
"2020-09-01 00:00:00","go","718"
"2020-09-01 00:00:00","java","8683"
"2020-09-01 00:00:00","javascript","16257"
"2020-09-01 00:00:00","perl","165"
"2020-09-01 00:00:00","php","4570"
"2020-09-01 00:00:00","python","20983"
"2020-09-01 00:00:00","r","4678"
"2020-09-01 00:00:00","ruby","503"
"2020-09-01 00:00:00","swift","2504"
"2020-10-01 00:00:00","assembly","330"
"2020-10-01 00:00:00","c","2273"
"2020-10-01 00:00:00","c#","5967"
"2020-10-01 00:00:00","c++","4173"
"2020-10-01 00:00:00","delphi","177"
"2020-10-01 00:00:00","go","584"
"2020-10-01 00:00:00","java","8626"
"2020-10-01 00:00:00","javascript","15778"
"2020-10-01 00:00:00","perl","166"
"2020-10-01 00:00:00","php","4419"
"2020-10-01 00:00:00","python","21970"
"2020-10-01 00:00:00","r","5009"
"2020-10-01 00:00:00","ruby","485"
"2020-10-01 00:00:00","swift","2274"
"2020-11-01 00:00:00","assembly","351"
"2020-11-01 00:00:00","c","2560"
"2020-11-01 00:00:00","c#","5819"
"2020-11-01 00:00:00","c++","4128"
"2020-11-01 00:00:00","delphi","188"
"2020-11-01 00:00:00","go","517"
"2020-11-01 00:00:00","java","8218"
"2020-11-01 00:00:00","javascript","14934"
"2020-11-01 00:00:00","perl","150"
"2020-11-01 00:00:00","php","4443"
"2020-11-01 00:00:00","python","21313"
"2020-11-01 00:00:00","r","4730"
"2020-11-01 00:00:00","ruby","498"
"2020-11-01 00:00:00","swift","2106"
"2020-12-01 00:00:00","assembly","291"
"2020-12-01 00:00:00","c","2554"
"2020-12-01 00:00:00","c#","5561"
"2020-12-01 00:00:00","c++","4294"
"2020-12-01 00:00:00","delphi","187"
"2020-12-01 00:00:00","go","523"
"2020-12-01 00:00:00","java","7577"
"2020-12-01 00:00:00","javascript","15435"
"2020-12-01 00:00:00","perl","131"
"2020-12-01 00:00:00","php","4624"
"2020-12-01 00:00:00","python","21463"
"2020-12-01 00:00:00","r","4279"
"2020-12-01 00:00:00","ruby","493"
"2020-12-01 00:00:00","swift","2042"
"2021-01-01 00:00:00","assembly","293"
"2021-01-01 00:00:00","c","2458"
"2021-01-01 00:00:00","c#","5994"
"2021-01-01 00:00:00","c++","3948"
"2021-01-01 00:00:00","delphi","196"
"2021-01-01 00:00:00","go","549"
"2021-01-01 00:00:00","java","7824"
"2021-01-01 00:00:00","javascript","16205"
"2021-01-01 00:00:00","perl","143"
"2021-01-01 00:00:00","php","4601"
"2021-01-01 00:00:00","python","22082"
"2021-01-01 00:00:00","r","4265"
"2021-01-01 00:00:00","ruby","510"
"2021-01-01 00:00:00","swift","2258"
"2021-02-01 00:00:00","assembly","238"
"2021-02-01 00:00:00","c","2139"
"2021-02-01 00:00:00","c#","5636"
"2021-02-01 00:00:00","c++","3965"
"2021-02-01 00:00:00","delphi","185"
"2021-02-01 00:00:00","go","559"
"2021-02-01 00:00:00","java","7362"
"2021-02-01 00:00:00","javascript","14694"
"2021-02-01 00:00:00","perl","131"
"2021-02-01 00:00:00","php","4213"
"2021-02-01 00:00:00","python","20785"
"2021-02-01 00:00:00","r","4277"
"2021-02-01 00:00:00","ruby","521"
"2021-02-01 00:00:00","swift","2215"
"2021-03-01 00:00:00","assembly","307"
"2021-03-01 00:00:00","c","2370"
"2021-03-01 00:00:00","c#","6178"
"2021-03-01 00:00:00","c++","4130"
"2021-03-01 00:00:00","delphi","250"
"2021-03-01 00:00:00","go","746"
"2021-03-01 00:00:00","java","8424"
"2021-03-01 00:00:00","javascript","16221"
"2021-03-01 00:00:00","perl","152"
"2021-03-01 00:00:00","php","4592"
"2021-03-01 00:00:00","python","23117"
"2021-03-01 00:00:00","r","5103"
"2021-03-01 00:00:00","ruby","491"
"2021-03-01 00:00:00","swift","2332"
"2021-04-01 00:00:00","assembly","287"
"2021-04-01 00:00:00","c","2196"
"2021-04-01 00:00:00","c#","5718"
"2021-04-01 00:00:00","c++","3785"
"2021-04-01 00:00:00","delphi","162"
"2021-04-01 00:00:00","go","615"
"2021-04-01 00:00:00","java","7709"
"2021-04-01 00:00:00","javascript","15287"
"2021-04-01 00:00:00","perl","136"
"2021-04-01 00:00:00","php","4155"
"2021-04-01 00:00:00","python","21790"
"2021-04-01 00:00:00","r","4748"
"2021-04-01 00:00:00","ruby","513"
"2021-04-01 00:00:00","swift","2053"
"2021-05-01 00:00:00","assembly","277"
"2021-05-01 00:00:00","c","1986"
"2021-05-01 00:00:00","c#","5553"
"2021-05-01 00:00:00","c++","4049"
"2021-05-01 00:00:00","delphi","157"
"2021-05-01 00:00:00","go","630"
"2021-05-01 00:00:00","java","7734"
"2021-05-01 00:00:00","javascript","15252"
"2021-05-01 00:00:00","perl","114"
"2021-05-01 00:00:00","php","4126"
"2021-05-01 00:00:00","python","21768"
"2021-05-01 00:00:00","r","4592"
"2021-05-01 00:00:00","ruby","393"
"2021-05-01 00:00:00","swift","1808"
"2021-06-01 00:00:00","assembly","249"
"2021-06-01 00:00:00","c","1791"
"2021-06-01 00:00:00","c#","5489"
"2021-06-01 00:00:00","c++","3693"
"2021-06-01 00:00:00","delphi","122"
"2021-06-01 00:00:00","go","599"
"2021-06-01 00:00:00","java","7351"
"2021-06-01 00:00:00","javascript","14432"
"2021-06-01 00:00:00","perl","148"
"2021-06-01 00:00:00","php","3917"
"2021-06-01 00:00:00","python","20294"
"2021-06-01 00:00:00","r","4215"
"2021-06-01 00:00:00","ruby","409"
"2021-06-01 00:00:00","swift","1754"
"2021-07-01 00:00:00","assembly","170"
"2021-07-01 00:00:00","c","1554"
"2021-07-01 00:00:00","c#","5091"
"2021-07-01 00:00:00","c++","3384"
"2021-07-01 00:00:00","delphi","138"
"2021-07-01 00:00:00","go","594"
"2021-07-01 00:00:00","java","6773"
"2021-07-01 00:00:00","javascript","14178"
"2021-07-01 00:00:00","perl","135"
"2021-07-01 00:00:00","php","3730"
"2021-07-01 00:00:00","python","20011"
"2021-07-01 00:00:00","r","4002"
"2021-07-01 00:00:00","ruby","439"
"2021-07-01 00:00:00","swift","1924"
"2021-08-01 00:00:00","assembly","156"
"2021-08-01 00:00:00","c","1480"
"2021-08-01 00:00:00","c#","4977"
"2021-08-01 00:00:00","c++","3143"
"2021-08-01 00:00:00","delphi","134"
"2021-08-01 00:00:00","go","725"
"2021-08-01 00:00:00","java","6535"
"2021-08-01 00:00:00","javascript","14091"
"2021-08-01 00:00:00","perl","117"
"2021-08-01 00:00:00","php","3754"
"2021-08-01 00:00:00","python","19302"
"2021-08-01 00:00:00","r","3970"
"2021-08-01 00:00:00","ruby","438"
"2021-08-01 00:00:00","swift","1820"
"2021-09-01 00:00:00","assembly","185"
"2021-09-01 00:00:00","c","1645"
"2021-09-01 00:00:00","c#","4932"
"2021-09-01 00:00:00","c++","3436"
"2021-09-01 00:00:00","delphi","130"
"2021-09-01 00:00:00","go","602"
"2021-09-01 00:00:00","java","6418"
"2021-09-01 00:00:00","javascript","13915"
"2021-09-01 00:00:00","perl","112"
"2021-09-01 00:00:00","php","3618"
"2021-09-01 00:00:00","python","18499"
"2021-09-01 00:00:00","r","3840"
"2021-09-01 00:00:00","ruby","435"
"2021-09-01 00:00:00","swift","1570"
"2021-10-01 00:00:00","assembly","197"
"2021-10-01 00:00:00","c","2005"
"2021-10-01 00:00:00","c#","5141"
"2021-10-01 00:00:00","c++","3596"
"2021-10-01 00:00:00","delphi","141"
"2021-10-01 00:00:00","go","687"
"2021-10-01 00:00:00","java","6378"
"2021-10-01 00:00:00","javascript","13317"
"2021-10-01 00:00:00","perl","125"
"2021-10-01 00:00:00","php","3477"
"2021-10-01 00:00:00","python","19264"
"2021-10-01 00:00:00","r","4066"
"2021-10-01 00:00:00","ruby","411"
"2021-10-01 00:00:00","swift","1517"
"2021-11-01 00:00:00","assembly","267"
"2021-11-01 00:00:00","c","2117"
"2021-11-01 00:00:00","c#","5429"
"2021-11-01 00:00:00","c++","3706"
"2021-11-01 00:00:00","delphi","138"
"2021-11-01 00:00:00","go","638"
"2021-11-01 00:00:00","java","6742"
"2021-11-01 00:00:00","javascript","13008"
"2021-11-01 00:00:00","perl","75"
"2021-11-01 00:00:00","php","3379"
"2021-11-01 00:00:00","python","19511"
"2021-11-01 00:00:00","r","3956"
"2021-11-01 00:00:00","ruby","381"
"2021-11-01 00:00:00","swift","1476"
"2021-12-01 00:00:00","assembly","257"
"2021-12-01 00:00:00","c","2028"
"2021-12-01 00:00:00","c#","4872"
"2021-12-01 00:00:00","c++","3483"
"2021-12-01 00:00:00","delphi","141"
"2021-12-01 00:00:00","go","709"
"2021-12-01 00:00:00","java","6020"
"2021-12-01 00:00:00","javascript","12631"
"2021-12-01 00:00:00","perl","94"
"2021-12-01 00:00:00","php","3119"
"2021-12-01 00:00:00","python","18477"
"2021-12-01 00:00:00","r","3473"
"2021-12-01 00:00:00","ruby","363"
"2021-12-01 00:00:00","swift","1392"
"2022-01-01 00:00:00","assembly","226"
"2022-01-01 00:00:00","c","1852"
"2022-01-01 00:00:00","c#","5120"
"2022-01-01 00:00:00","c++","3521"
"2022-01-01 00:00:00","delphi","131"
"2022-01-01 00:00:00","go","729"
"2022-01-01 00:00:00","java","6243"
"2022-01-01 00:00:00","javascript","13454"
"2022-01-01 00:00:00","perl","124"
"2022-01-01 00:00:00","php","3264"
"2022-01-01 00:00:00","python","19240"
"2022-01-01 00:00:00","r","3798"
"2022-01-01 00:00:00","ruby","438"
"2022-01-01 00:00:00","swift","1697"
"2022-02-01 00:00:00","assembly","209"
"2022-02-01 00:00:00","c","1593"
"2022-02-01 00:00:00","c#","4963"
"2022-02-01 00:00:00","c++","3095"
"2022-02-01 00:00:00","delphi","163"
"2022-02-01 00:00:00","go","635"
"2022-02-01 00:00:00","java","5739"
"2022-02-01 00:00:00","javascript","12396"
"2022-02-01 00:00:00","perl","96"
"2022-02-01 00:00:00","php","3020"
"2022-02-01 00:00:00","python","18763"
"2022-02-01 00:00:00","r","3877"
"2022-02-01 00:00:00","ruby","397"
"2022-02-01 00:00:00","swift","1533"
"2022-03-01 00:00:00","assembly","229"
"2022-03-01 00:00:00","c","1877"
"2022-03-01 00:00:00","c#","5510"
"2022-03-01 00:00:00","c++","3405"
"2022-03-01 00:00:00","delphi","119"
"2022-03-01 00:00:00","go","752"
"2022-03-01 00:00:00","java","6392"
"2022-03-01 00:00:00","javascript","13147"
"2022-03-01 00:00:00","perl","102"
"2022-03-01 00:00:00","php","3053"
"2022-03-01 00:00:00","python","20191"
"2022-03-01 00:00:00","r","4401"
"2022-03-01 00:00:00","ruby","438"
"2022-03-01 00:00:00","swift","1688"
"2022-04-01 00:00:00","assembly","244"
"2022-04-01 00:00:00","c","1675"
"2022-04-01 00:00:00","c#","5078"
"2022-04-01 00:00:00","c++","3388"
"2022-04-01 00:00:00","delphi","113"
"2022-04-01 00:00:00","go","694"
"2022-04-01 00:00:00","java","6193"
"2022-04-01 00:00:00","javascript","13050"
"2022-04-01 00:00:00","perl","98"
"2022-04-01 00:00:00","php","3102"
"2022-04-01 00:00:00","python","19350"
"2022-04-01 00:00:00","r","4113"
"2022-04-01 00:00:00","ruby","426"
"2022-04-01 00:00:00","swift","1407"
"2022-05-01 00:00:00","assembly","250"
"2022-05-01 00:00:00","c","1707"
"2022-05-01 00:00:00","c#","5354"
"2022-05-01 00:00:00","c++","3418"
"2022-05-01 00:00:00","delphi","118"
"2022-05-01 00:00:00","go","599"
"2022-05-01 00:00:00","java","6325"
"2022-05-01 00:00:00","javascript","12970"
"2022-05-01 00:00:00","perl","91"
"2022-05-01 00:00:00","php","3294"
"2022-05-01 00:00:00","python","18895"
"2022-05-01 00:00:00","r","4084"
"2022-05-01 00:00:00","ruby","430"
"2022-05-01 00:00:00","swift","1416"
"2022-06-01 00:00:00","assembly","231"
"2022-06-01 00:00:00","c","1504"
"2022-06-01 00:00:00","c#","5192"
"2022-06-01 00:00:00","c++","3002"
"2022-06-01 00:00:00","delphi","110"
"2022-06-01 00:00:00","go","673"
"2022-06-01 00:00:00","java","5562"
"2022-06-01 00:00:00","javascript","12295"
"2022-06-01 00:00:00","perl","123"
"2022-06-01 00:00:00","php","3128"
"2022-06-01 00:00:00","python","18317"
"2022-06-01 00:00:00","r","3804"
"2022-06-01 00:00:00","ruby","420"
"2022-06-01 00:00:00","swift","1485"
"2022-07-01 00:00:00","assembly","193"
"2022-07-01 00:00:00","c","1341"
"2022-07-01 00:00:00","c#","5116"
"2022-07-01 00:00:00","c++","2900"
"2022-07-01 00:00:00","delphi","115"
"2022-07-01 00:00:00","go","676"
"2022-07-01 00:00:00","java","5289"
"2022-07-01 00:00:00","javascript","12448"
"2022-07-01 00:00:00","perl","124"
"2022-07-01 00:00:00","php","3009"
"2022-07-01 00:00:00","python","18603"
"2022-07-01 00:00:00","r","3603"
"2022-07-01 00:00:00","ruby","398"
"2022-07-01 00:00:00","swift","1428"
"2022-08-01 00:00:00","assembly","161"
"2022-08-01 00:00:00","c","1390"
"2022-08-01 00:00:00","c#","5357"
"2022-08-01 00:00:00","c++","2893"
"2022-08-01 00:00:00","delphi","115"
"2022-08-01 00:00:00","go","775"
"2022-08-01 00:00:00","java","5192"
"2022-08-01 00:00:00","javascript","12687"
"2022-08-01 00:00:00","perl","111"
"2022-08-01 00:00:00","php","3043"
"2022-08-01 00:00:00","python","18198"
"2022-08-01 00:00:00","r","3711"
"2022-08-01 00:00:00","ruby","420"
"2022-08-01 00:00:00","swift","1447"
"2022-09-01 00:00:00","assembly","166"
"2022-09-01 00:00:00","c","1498"
"2022-09-01 00:00:00","c#","4877"
"2022-09-01 00:00:00","c++","2718"
"2022-09-01 00:00:00","delphi","131"
"2022-09-01 00:00:00","go","778"
"2022-09-01 00:00:00","java","4924"
"2022-09-01 00:00:00","javascript","11540"
"2022-09-01 00:00:00","perl","82"
"2022-09-01 00:00:00","php","2768"
"2022-09-01 00:00:00","python","16702"
"2022-09-01 00:00:00","r","3507"
"2022-09-01 00:00:00","ruby","397"
"2022-09-01 00:00:00","swift","1457"
"2022-10-01 00:00:00","assembly","217"
"2022-10-01 00:00:00","c","1832"
"2022-10-01 00:00:00","c#","4918"
"2022-10-01 00:00:00","c++","2874"
"2022-10-01 00:00:00","delphi","136"
"2022-10-01 00:00:00","go","669"
"2022-10-01 00:00:00","java","5171"
"2022-10-01 00:00:00","javascript","11356"
"2022-10-01 00:00:00","perl","80"
"2022-10-01 00:00:00","php","2725"
"2022-10-01 00:00:00","python","18108"
"2022-10-01 00:00:00","r","3882"
"2022-10-01 00:00:00","ruby","371"
"2022-10-01 00:00:00","swift","1302"
"2022-11-01 00:00:00","assembly","265"
"2022-11-01 00:00:00","c","1938"
"2022-11-01 00:00:00","c#","5074"
"2022-11-01 00:00:00","c++","2901"
"2022-11-01 00:00:00","delphi","107"
"2022-11-01 00:00:00","go","682"
"2022-11-01 00:00:00","java","5300"
"2022-11-01 00:00:00","javascript","11452"
"2022-11-01 00:00:00","perl","106"
"2022-11-01 00:00:00","php","2730"
"2022-11-01 00:00:00","python","18460"
"2022-11-01 00:00:00","r","3950"
"2022-11-01 00:00:00","ruby","411"
"2022-11-01 00:00:00","swift","1403"
"2022-12-01 00:00:00","assembly","252"
"2022-12-01 00:00:00","c","1677"
"2022-12-01 00:00:00","c#","4571"
"2022-12-01 00:00:00","c++","2561"
"2022-12-01 00:00:00","delphi","79"
"2022-12-01 00:00:00","go","592"
"2022-12-01 00:00:00","java","4708"
"2022-12-01 00:00:00","javascript","10045"
"2022-12-01 00:00:00","perl","94"
"2022-12-01 00:00:00","php","2309"
"2022-12-01 00:00:00","python","15569"
"2022-12-01 00:00:00","r","3167"
"2022-12-01 00:00:00","ruby","341"
"2022-12-01 00:00:00","swift","1194"
"2023-01-01 00:00:00","assembly","224"
"2023-01-01 00:00:00","c","1400"
"2023-01-01 00:00:00","c#","4621"
"2023-01-01 00:00:00","c++","2375"
"2023-01-01 00:00:00","delphi","107"
"2023-01-01 00:00:00","go","682"
"2023-01-01 00:00:00","java","4616"
"2023-01-01 00:00:00","javascript","9822"
"2023-01-01 00:00:00","perl","70"
"2023-01-01 00:00:00","php","2471"
"2023-01-01 00:00:00","python","14722"
"2023-01-01 00:00:00","r","3240"
"2023-01-01 00:00:00","ruby","322"
"2023-01-01 00:00:00","swift","1178"
"2023-02-01 00:00:00","assembly","169"
"2023-02-01 00:00:00","c","1191"
"2023-02-01 00:00:00","c#","4048"
"2023-02-01 00:00:00","c++","2021"
"2023-02-01 00:00:00","delphi","120"
"2023-02-01 00:00:00","go","617"
"2023-02-01 00:00:00","java","4019"
"2023-02-01 00:00:00","javascript","8311"
"2023-02-01 00:00:00","perl","77"
"2023-02-01 00:00:00","php","1981"
"2023-02-01 00:00:00","python","12862"
"2023-02-01 00:00:00","r","3254"
"2023-02-01 00:00:00","ruby","307"
"2023-02-01 00:00:00","swift","1034"
"2023-03-01 00:00:00","assembly","158"
"2023-03-01 00:00:00","c","1150"
"2023-03-01 00:00:00","c#","4149"
"2023-03-01 00:00:00","c++","2298"
"2023-03-01 00:00:00","delphi","118"
"2023-03-01 00:00:00","go","591"
"2023-03-01 00:00:00","java","4399"
"2023-03-01 00:00:00","javascript","8318"
"2023-03-01 00:00:00","perl","94"
"2023-03-01 00:00:00","php","1855"
"2023-03-01 00:00:00","python","12610"
"2023-03-01 00:00:00","r","3267"
"2023-03-01 00:00:00","ruby","261"
"2023-03-01 00:00:00","swift","1113"
"2023-04-01 00:00:00","assembly","172"
"2023-04-01 00:00:00","c","1076"
"2023-04-01 00:00:00","c#","3253"
"2023-04-01 00:00:00","c++","1742"
"2023-04-01 00:00:00","delphi","111"
"2023-04-01 00:00:00","go","476"
"2023-04-01 00:00:00","java","3528"
"2023-04-01 00:00:00","javascript","6437"
"2023-04-01 00:00:00","perl","55"
"2023-04-01 00:00:00","php","1572"
"2023-04-01 00:00:00","python","9941"
"2023-04-01 00:00:00","r","2575"
"2023-04-01 00:00:00","ruby","197"
"2023-04-01 00:00:00","swift","883"
"2023-05-01 00:00:00","assembly","156"
"2023-05-01 00:00:00","c","970"
"2023-05-01 00:00:00","c#","3189"
"2023-05-01 00:00:00","c++","1603"
"2023-05-01 00:00:00","delphi","100"
"2023-05-01 00:00:00","go","388"
"2023-05-01 00:00:00","java","3256"
"2023-05-01 00:00:00","javascript","6018"
"2023-05-01 00:00:00","perl","52"
"2023-05-01 00:00:00","php","1597"
"2023-05-01 00:00:00","python","9466"
"2023-05-01 00:00:00","r","2352"
"2023-05-01 00:00:00","ruby","223"
"2023-05-01 00:00:00","swift","796"
"2023-06-01 00:00:00","assembly","137"
"2023-06-01 00:00:00","c","803"
"2023-06-01 00:00:00","c#","3206"
"2023-06-01 00:00:00","c++","1615"
"2023-06-01 00:00:00","delphi","105"
"2023-06-01 00:00:00","go","494"
"2023-06-01 00:00:00","java","3273"
"2023-06-01 00:00:00","javascript","5793"
"2023-06-01 00:00:00","perl","52"
"2023-06-01 00:00:00","php","1534"
"2023-06-01 00:00:00","python","8992"
"2023-06-01 00:00:00","r","2186"
"2023-06-01 00:00:00","ruby","189"
"2023-06-01 00:00:00","swift","923"
"2023-07-01 00:00:00","assembly","146"
"2023-07-01 00:00:00","c","826"
"2023-07-01 00:00:00","c#","3250"
"2023-07-01 00:00:00","c++","1644"
"2023-07-01 00:00:00","delphi","91"
"2023-07-01 00:00:00","go","488"
"2023-07-01 00:00:00","java","3123"
"2023-07-01 00:00:00","javascript","5852"
"2023-07-01 00:00:00","perl","64"
"2023-07-01 00:00:00","php","1423"
"2023-07-01 00:00:00","python","8910"
"2023-07-01 00:00:00","r","2005"
"2023-07-01 00:00:00","ruby","199"
"2023-07-01 00:00:00","swift","922"
"2023-08-01 00:00:00","assembly","133"
"2023-08-01 00:00:00","c","786"
"2023-08-01 00:00:00","c#","3057"
"2023-08-01 00:00:00","c++","1496"
"2023-08-01 00:00:00","delphi","94"
"2023-08-01 00:00:00","go","456"
"2023-08-01 00:00:00","java","3022"
"2023-08-01 00:00:00","javascript","5177"
"2023-08-01 00:00:00","perl","48"
"2023-08-01 00:00:00","php","1490"
"2023-08-01 00:00:00","python","8198"
"2023-08-01 00:00:00","r","1987"
"2023-08-01 00:00:00","ruby","173"
"2023-08-01 00:00:00","swift","768"
"2023-09-01 00:00:00","assembly","136"
"2023-09-01 00:00:00","c","813"
"2023-09-01 00:00:00","c#","2648"
"2023-09-01 00:00:00","c++","1370"
"2023-09-01 00:00:00","delphi","97"
"2023-09-01 00:00:00","go","398"
"2023-09-01 00:00:00","java","2643"
"2023-09-01 00:00:00","javascript","4452"
"2023-09-01 00:00:00","perl","58"
"2023-09-01 00:00:00","php","1378"
"2023-09-01 00:00:00","python","6952"
"2023-09-01 00:00:00","r","1735"
"2023-09-01 00:00:00","ruby","165"
"2023-09-01 00:00:00","swift","709"
"2023-10-01 00:00:00","assembly","158"
"2023-10-01 00:00:00","c","877"
"2023-10-01 00:00:00","c#","2602"
"2023-10-01 00:00:00","c++","1535"
"2023-10-01 00:00:00","delphi","143"
"2023-10-01 00:00:00","go","394"
"2023-10-01 00:00:00","java","2634"
"2023-10-01 00:00:00","javascript","4133"
"2023-10-01 00:00:00","perl","53"
"2023-10-01 00:00:00","php","1207"
"2023-10-01 00:00:00","python","7096"
"2023-10-01 00:00:00","r","1715"
"2023-10-01 00:00:00","ruby","163"
"2023-10-01 00:00:00","swift","723"
"2023-11-01 00:00:00","assembly","158"
"2023-11-01 00:00:00","c","881"
"2023-11-01 00:00:00","c#","2608"
"2023-11-01 00:00:00","c++","1316"
"2023-11-01 00:00:00","delphi","96"
"2023-11-01 00:00:00","go","378"
"2023-11-01 00:00:00","java","2564"
"2023-11-01 00:00:00","javascript","3968"
"2023-11-01 00:00:00","perl","44"
"2023-11-01 00:00:00","php","1185"
"2023-11-01 00:00:00","python","6710"
"2023-11-01 00:00:00","r","1646"
"2023-11-01 00:00:00","ruby","131"
"2023-11-01 00:00:00","swift","698"
"2023-12-01 00:00:00","assembly","166"
"2023-12-01 00:00:00","c","806"
"2023-12-01 00:00:00","c#","2243"
"2023-12-01 00:00:00","c++","1288"
"2023-12-01 00:00:00","delphi","69"
"2023-12-01 00:00:00","go","312"
"2023-12-01 00:00:00","java","2023"
"2023-12-01 00:00:00","javascript","3670"
"2023-12-01 00:00:00","perl","53"
"2023-12-01 00:00:00","php","976"
"2023-12-01 00:00:00","python","5574"
"2023-12-01 00:00:00","r","1343"
"2023-12-01 00:00:00","ruby","130"
"2023-12-01 00:00:00","swift","596"
"2024-01-01 00:00:00","assembly","172"
"2024-01-01 00:00:00","c","807"
"2024-01-01 00:00:00","c#","2591"
"2024-01-01 00:00:00","c++","1534"
"2024-01-01 00:00:00","delphi","83"
"2024-01-01 00:00:00","go","336"
"2024-01-01 00:00:00","java","2750"
"2024-01-01 00:00:00","javascript","4864"
"2024-01-01 00:00:00","perl","33"
"2024-01-01 00:00:00","php","1332"
"2024-01-01 00:00:00","python","7416"
"2024-01-01 00:00:00","r","1763"
"2024-01-01 00:00:00","ruby","159"
"2024-01-01 00:00:00","swift","832"
"2024-02-01 00:00:00","assembly","130"
"2024-02-01 00:00:00","c","752"
"2024-02-01 00:00:00","c#","2649"
"2024-02-01 00:00:00","c++","1414"
"2024-02-01 00:00:00","delphi","108"
"2024-02-01 00:00:00","go","304"
"2024-02-01 00:00:00","java","2714"
"2024-02-01 00:00:00","javascript","4621"
"2024-02-01 00:00:00","perl","36"
"2024-02-01 00:00:00","php","1279"
"2024-02-01 00:00:00","python","7677"
"2024-02-01 00:00:00","r","1812"
"2024-02-01 00:00:00","ruby","156"
"2024-02-01 00:00:00","swift","650"
"2024-03-01 00:00:00","assembly","138"
"2024-03-01 00:00:00","c","726"
"2024-03-01 00:00:00","c#","2552"
"2024-03-01 00:00:00","c++","1311"
"2024-03-01 00:00:00","delphi","96"
"2024-03-01 00:00:00","go","320"
"2024-03-01 00:00:00","java","2768"
"2024-03-01 00:00:00","javascript","4616"
"2024-03-01 00:00:00","perl","47"
"2024-03-01 00:00:00","php","1344"
"2024-03-01 00:00:00","python","7262"
"2024-03-01 00:00:00","r","1674"
"2024-03-01 00:00:00","ruby","137"
"2024-03-01 00:00:00","swift","708"
"2024-04-01 00:00:00","assembly","182"
"2024-04-01 00:00:00","c","731"
"2024-04-01 00:00:00","c#","2680"
"2024-04-01 00:00:00","c++","1288"
"2024-04-01 00:00:00","delphi","104"
"2024-04-01 00:00:00","go","300"
"2024-04-01 00:00:00","java","2520"
"2024-04-01 00:00:00","javascript","4162"
"2024-04-01 00:00:00","perl","25"
"2024-04-01 00:00:00","php","1172"
"2024-04-01 00:00:00","python","7235"
"2024-04-01 00:00:00","r","1526"
"2024-04-01 00:00:00","ruby","113"
"2024-04-01 00:00:00","swift","675"
"2024-05-01 00:00:00","assembly","178"
"2024-05-01 00:00:00","c","653"
"2024-05-01 00:00:00","c#","2443"
"2024-05-01 00:00:00","c++","1403"
"2024-05-01 00:00:00","delphi","101"
"2024-05-01 00:00:00","go","266"
"2024-05-01 00:00:00","java","2226"
"2024-05-01 00:00:00","javascript","3909"
"2024-05-01 00:00:00","perl","37"
"2024-05-01 00:00:00","php","1133"
"2024-05-01 00:00:00","python","6790"
"2024-05-01 00:00:00","r","1362"
"2024-05-01 00:00:00","ruby","116"
"2024-05-01 00:00:00","swift","604"
"2024-06-01 00:00:00","assembly","84"
"2024-06-01 00:00:00","c","528"
"2024-06-01 00:00:00","c#","1915"
"2024-06-01 00:00:00","c++","1053"
"2024-06-01 00:00:00","delphi","67"
"2024-06-01 00:00:00","go","222"
"2024-06-01 00:00:00","java","1654"
"2024-06-01 00:00:00","javascript","2902"
"2024-06-01 00:00:00","perl","29"
"2024-06-01 00:00:00","php","936"
"2024-06-01 00:00:00","python","4982"
"2024-06-01 00:00:00","r","1079"
"2024-06-01 00:00:00","ruby","108"
"2024-06-01 00:00:00","swift","565"
"2024-07-01 00:00:00","assembly","90"
"2024-07-01 00:00:00","c","553"
"2024-07-01 00:00:00","c#","2072"
"2024-07-01 00:00:00","c++","1111"
"2024-07-01 00:00:00","delphi","52"
"2024-07-01 00:00:00","go","249"
"2024-07-01 00:00:00","java","1523"
"2024-07-01 00:00:00","javascript","2856"
"2024-07-01 00:00:00","perl","34"
"2024-07-01 00:00:00","php","856"
"2024-07-01 00:00:00","python","5186"
"2024-07-01 00:00:00","r","1050"
"2024-07-01 00:00:00","ruby","93"
"2024-07-01 00:00:00","swift","568"
"2024-08-01 00:00:00","assembly","112"
"2024-08-01 00:00:00","c","479"
"2024-08-01 00:00:00","c#","1813"
"2024-08-01 00:00:00","c++","1007"
"2024-08-01 00:00:00","delphi","83"
"2024-08-01 00:00:00","go","208"
"2024-08-01 00:00:00","java","1189"
"2024-08-01 00:00:00","javascript","2440"
"2024-08-01 00:00:00","perl","37"
"2024-08-01 00:00:00","php","784"
"2024-08-01 00:00:00","python","4451"
"2024-08-01 00:00:00","r","875"
"2024-08-01 00:00:00","ruby","103"
"2024-08-01 00:00:00","swift","536"
"2024-09-01 00:00:00","assembly","86"
"2024-09-01 00:00:00","c","444"
"2024-09-01 00:00:00","c#","1557"
"2024-09-01 00:00:00","c++","980"
"2024-09-01 00:00:00","delphi","67"
"2024-09-01 00:00:00","go","153"
"2024-09-01 00:00:00","java","1266"
"2024-09-01 00:00:00","javascript","2156"
"2024-09-01 00:00:00","perl","26"
"2024-09-01 00:00:00","php","602"
"2024-09-01 00:00:00","python","3678"
"2024-09-01 00:00:00","r","744"
"2024-09-01 00:00:00","ruby","82"
"2024-09-01 00:00:00","swift","504"
"2024-10-01 00:00:00","assembly","89"
"2024-10-01 00:00:00","c","464"
"2024-10-01 00:00:00","c#","1590"
"2024-10-01 00:00:00","c++","918"
"2024-10-01 00:00:00","delphi","86"
"2024-10-01 00:00:00","go","177"
"2024-10-01 00:00:00","java","1514"
"2024-10-01 00:00:00","javascript","1876"
"2024-10-01 00:00:00","perl","21"
"2024-10-01 00:00:00","php","647"
"2024-10-01 00:00:00","python","3478"
"2024-10-01 00:00:00","r","779"
"2024-10-01 00:00:00","ruby","63"
"2024-10-01 00:00:00","swift","454"
"2024-11-01 00:00:00","assembly","98"
"2024-11-01 00:00:00","c","401"
"2024-11-01 00:00:00","c#","1364"
"2024-11-01 00:00:00","c++","852"
"2024-11-01 00:00:00","delphi","56"
"2024-11-01 00:00:00","go","125"
"2024-11-01 00:00:00","java","1269"
"2024-11-01 00:00:00","javascript","1644"
"2024-11-01 00:00:00","perl","20"
"2024-11-01 00:00:00","php","536"
"2024-11-01 00:00:00","python","3161"
"2024-11-01 00:00:00","r","701"
"2024-11-01 00:00:00","ruby","75"
"2024-11-01 00:00:00","swift","391"
"2024-12-01 00:00:00","assembly","98"
"2024-12-01 00:00:00","c","346"
"2024-12-01 00:00:00","c#","1194"
"2024-12-01 00:00:00","c++","813"
"2024-12-01 00:00:00","delphi","46"
"2024-12-01 00:00:00","go","134"
"2024-12-01 00:00:00","java","1276"
"2024-12-01 00:00:00","javascript","1547"
"2024-12-01 00:00:00","perl","27"
"2024-12-01 00:00:00","php","498"
"2024-12-01 00:00:00","python","2984"
"2024-12-01 00:00:00","r","575"
"2024-12-01 00:00:00","ruby","54"
"2024-12-01 00:00:00","swift","357"